[34m[1mtrain: [0mweights=yolov5s.pt, cfg=, data=<redacted-local-path> hyp=data/hyps/hyp.scratch-low.yaml, epochs=100, batch_size=32, imgsz=640, rect=False, resume=False, nosave=False, noval=False, noautoanchor=False, noplots=False, evolve=None, bucket=, cache=None, image_weights=False, device=0, multi_scale=False, single_cls=False, optimizer=SGD, sync_bn=False, workers=8, project=<redacted-local-path> name=agv-grid-8cls, exist_ok=True, quad=False, cos_lr=False, label_smoothing=0.0, patience=100, freeze=[0], save_period=-1, seed=0, local_rank=-1, entity=None, upload_dataset=False, bbox_interval=-1, artifact_alias=latest
[31m[1mrequirements:[0m YOLOv5 requirement "opencv-python>=4.1.1" not found, attempting AutoUpdate...
Defaulting to user installation because normal site-packages is not writeable
Requirement already satisfied: opencv-python>=4.1.1 in <redacted-local-path> (5.0.0.93)
Requirement already satisfied: numpy>=2 in <redacted-local-path> (from opencv-python>=4.1.1) (2.5.2)

[31m[1mrequirements:[0m 1 package updated per <redacted-local-path>
[31m[1mrequirements:[0m ⚠️ [1mRestart runtime or rerun command for updates to take effect[0m

YOLOv5 🚀 v7.0-0-g915bbf2 Python-3.11.15 torch-2.3.1+cu121 CUDA:0 (NVIDIA L40S, 45468MiB)

[34m[1mhyperparameters: [0mlr0=0.01, lrf=0.01, momentum=0.937, weight_decay=0.0005, warmup_epochs=3.0, warmup_momentum=0.8, warmup_bias_lr=0.1, box=0.05, cls=0.5, cls_pw=1.0, obj=1.0, obj_pw=1.0, iou_t=0.2, anchor_t=4.0, fl_gamma=0.0, hsv_h=0.015, hsv_s=0.7, hsv_v=0.4, degrees=0.0, translate=0.1, scale=0.5, shear=0.0, perspective=0.0, flipud=0.0, fliplr=0.5, mosaic=1.0, mixup=0.0, copy_paste=0.0
[34m[1mClearML: [0mrun 'pip install clearml' to automatically track, visualize and remotely train YOLOv5 🚀 in ClearML
[34m[1mComet: [0mrun 'pip install comet_ml' to automatically track and visualize YOLOv5 🚀 runs in Comet
[34m[1mTensorBoard: [0mStart with 'tensorboard --logdir <redacted-local-path>', view at http://localhost:6006/
Overriding model.yaml nc=80 with nc=8

                 from  n    params  module                                  arguments                     
  0                -1  1      3520  models.common.Conv                      [3, 32, 6, 2, 2]              
  1                -1  1     18560  models.common.Conv                      [32, 64, 3, 2]                
  2                -1  1     18816  models.common.C3                        [64, 64, 1]                   
  3                -1  1     73984  models.common.Conv                      [64, 128, 3, 2]               
  4                -1  2    115712  models.common.C3                        [128, 128, 2]                 
  5                -1  1    295424  models.common.Conv                      [128, 256, 3, 2]              
  6                -1  3    625152  models.common.C3                        [256, 256, 3]                 
  7                -1  1   1180672  models.common.Conv                      [256, 512, 3, 2]              
  8                -1  1   1182720  models.common.C3                        [512, 512, 1]                 
  9                -1  1    656896  models.common.SPPF                      [512, 512, 5]                 
 10                -1  1    131584  models.common.Conv                      [512, 256, 1, 1]              
 11                -1  1         0  torch.nn.modules.upsampling.Upsample    [None, 2, 'nearest']          
 12           [-1, 6]  1         0  models.common.Concat                    [1]                           
 13                -1  1    361984  models.common.C3                        [512, 256, 1, False]          
 14                -1  1     33024  models.common.Conv                      [256, 128, 1, 1]              
 15                -1  1         0  torch.nn.modules.upsampling.Upsample    [None, 2, 'nearest']          
 16           [-1, 4]  1         0  models.common.Concat                    [1]                           
 17                -1  1     90880  models.common.C3                        [256, 128, 1, False]          
 18                -1  1    147712  models.common.Conv                      [128, 128, 3, 2]              
 19          [-1, 14]  1         0  models.common.Concat                    [1]                           
 20                -1  1    296448  models.common.C3                        [256, 256, 1, False]          
 21                -1  1    590336  models.common.Conv                      [256, 256, 3, 2]              
 22          [-1, 10]  1         0  models.common.Concat                    [1]                           
 23                -1  1   1182720  models.common.C3                        [512, 512, 1, False]          
 24      [17, 20, 23]  1     35061  models.yolo.Detect                      [8, [[10, 13, 16, 30, 33, 23], [30, 61, 62, 45, 59, 119], [116, 90, 156, 198, 373, 326]], [128, 256, 512]]
Model summary: 214 layers, 7041205 parameters, 7041205 gradients, 16.0 GFLOPs

Transferred 343/349 items from yolov5s.pt
[34m[1mAMP: [0mchecks passed ✅
[34m[1moptimizer:[0m SGD(lr=0.01) with parameter groups 57 weight(decay=0.0), 60 weight(decay=0.0005), 60 bias
[34m[1mgithub: [0mskipping check (offline), for updates see https://github.com/ultralytics/yolov5

[34m[1mtrain: [0mScanning <redacted-local-path> 371 images, 0 backgrounds, 0 corrupt: 100%|██████████| 371/371 00:00
[34m[1mtrain: [0mScanning <redacted-local-path> 371 images, 0 backgrounds, 0 corrupt: 100%|██████████| 371/371 00:00

[34m[1mval: [0mScanning <redacted-local-path> 17 images, 0 backgrounds, 0 corrupt: 100%|██████████| 17/17 00:00
[34m[1mval: [0mScanning <redacted-local-path> 17 images, 0 backgrounds, 0 corrupt: 100%|██████████| 17/17 00:00

[34m[1mAutoAnchor: [0m5.92 anchors/target, 1.000 Best Possible Recall (BPR). Current anchors are a good fit to dataset ✅
Plotting labels to <redacted-local-path> 
Image sizes 640 train, 640 val
Using 8 dataloader workers
Logging results to [1m<redacted-local-path>
Starting training for 100 epochs...

      Epoch    GPU_mem   box_loss   obj_loss   cls_loss  Instances       Size

  0%|          | 0/12 00:00
       0/99      6.05G     0.1253    0.05304    0.06371        288        640:   0%|          | 0/12 00:00Exception in thread Thread-4 (plot_images):
Traceback (most recent call last):
  File "<redacted-local-path>", line 1045, in _bootstrap_inner
    self.run()
  File "<redacted-local-path>", line 982, in run
    self._target(*self._args, **self._kwargs)
  File "<redacted-local-path>", line 305, in plot_images
    annotator.box_label(box, label, color=color)
  File "<redacted-local-path>", line 91, in box_label
    w, h = self.font.getsize(label)  # text width, height
           ^^^^^^^^^^^^^^^^^
AttributeError: 'FreeTypeFont' object has no attribute 'getsize'

       0/99      6.05G     0.1253    0.05304    0.06371        288        640:   8%|▊         | 1/12 00:01
       0/99       6.1G     0.1254    0.05071    0.06366        263        640:   8%|▊         | 1/12 00:01
       0/99       6.1G     0.1254    0.05071    0.06366        263        640:  17%|█▋        | 2/12 00:01
       0/99      6.41G     0.1257    0.04979    0.06337        245        640:  17%|█▋        | 2/12 00:01
       0/99      6.41G     0.1257    0.04979    0.06337        245        640:  25%|██▌       | 3/12 00:01Exception in thread Thread-5 (plot_images):
Traceback (most recent call last):
  File "<redacted-local-path>", line 1045, in _bootstrap_inner
    self.run()
  File "<redacted-local-path>", line 982, in run
    self._target(*self._args, **self._kwargs)
  File "<redacted-local-path>", line 305, in plot_images
    annotator.box_label(box, label, color=color)
  File "<redacted-local-path>", line 91, in box_label
    w, h = self.font.getsize(label)  # text width, height
           ^^^^^^^^^^^^^^^^^
AttributeError: 'FreeTypeFont' object has no attribute 'getsize'

       0/99      6.41G     0.1256    0.04881    0.06319        231        640:  25%|██▌       | 3/12 00:02
       0/99      6.41G     0.1256    0.04881    0.06319        231        640:  33%|███▎      | 4/12 00:02Exception in thread Thread-6 (plot_images):
Traceback (most recent call last):
  File "<redacted-local-path>", line 1045, in _bootstrap_inner
    self.run()
  File "<redacted-local-path>", line 982, in run
    self._target(*self._args, **self._kwargs)
  File "<redacted-local-path>", line 305, in plot_images
    annotator.box_label(box, label, color=color)
  File "<redacted-local-path>", line 91, in box_label
    w, h = self.font.getsize(label)  # text width, height
           ^^^^^^^^^^^^^^^^^
AttributeError: 'FreeTypeFont' object has no attribute 'getsize'

       0/99      6.41G     0.1253    0.04936    0.06334        279        640:  33%|███▎      | 4/12 00:02
       0/99      6.41G     0.1253    0.04936    0.06334        279        640:  42%|████▏     | 5/12 00:02
       0/99      6.41G     0.1249    0.05007     0.0633        291        640:  42%|████▏     | 5/12 00:02
       0/99      6.41G     0.1249    0.05007     0.0633        291        640:  50%|█████     | 6/12 00:02
       0/99      6.41G     0.1245    0.05046     0.0632        275        640:  50%|█████     | 6/12 00:02
       0/99      6.41G      0.124    0.05077    0.06316        260        640:  50%|█████     | 6/12 00:02
       0/99      6.41G      0.124    0.05077    0.06316        260        640:  67%|██████▋   | 8/12 00:02
       0/99      6.41G     0.1234    0.05104    0.06303        253        640:  67%|██████▋   | 8/12 00:02
       0/99      6.41G     0.1228    0.05158    0.06289        268        640:  67%|██████▋   | 8/12 00:02
       0/99      6.41G     0.1228    0.05158    0.06289        268        640:  83%|████████▎ | 10/12 00:02
       0/99      6.41G     0.1223    0.05145    0.06279        240        640:  83%|████████▎ | 10/12 00:02
       0/99      6.41G     0.1223    0.05145    0.06279        240        640:  92%|█████████▏| 11/12 00:02
       0/99      6.41G     0.1215    0.05227    0.06264        160        640:  92%|█████████▏| 11/12 00:03
       0/99      6.41G     0.1215    0.05227    0.06264        160        640: 100%|██████████| 12/12 00:03
       0/99      6.41G     0.1215    0.05227    0.06264        160        640: 100%|██████████| 12/12 00:03

                 Class     Images  Instances          P          R      mAP50   mAP50-95:   0%|          | 0/1 00:00
                 Class     Images  Instances          P          R      mAP50   mAP50-95: 100%|██████████| 1/1 00:00
                 Class     Images  Instances          P          R      mAP50   mAP50-95: 100%|██████████| 1/1 00:00
                   all         17         71    0.00156     0.0885    0.00125   0.000336

      Epoch    GPU_mem   box_loss   obj_loss   cls_loss  Instances       Size

  0%|          | 0/12 00:00
       1/99      6.41G     0.1135    0.06267     0.0612        307        640:   0%|          | 0/12 00:00
       1/99      6.41G     0.1135    0.06394    0.06091        347        640:   0%|          | 0/12 00:00
       1/99      6.41G     0.1135    0.06394    0.06091        347        640:  17%|█▋        | 2/12 00:00
       1/99      6.41G     0.1121    0.06425     0.0606        308        640:  17%|█▋        | 2/12 00:00
       1/99      6.41G     0.1114    0.06253    0.06045        297        640:  17%|█▋        | 2/12 00:00
       1/99      6.41G     0.1114    0.06253    0.06045        297        640:  33%|███▎      | 4/12 00:00
       1/99      6.41G     0.1104    0.06321    0.06014        349        640:  33%|███▎      | 4/12 00:00
       1/99      6.41G     0.1092    0.06254    0.05977        289        640:  33%|███▎      | 4/12 00:00
       1/99      6.41G     0.1092    0.06254    0.05977        289        640:  50%|█████     | 6/12 00:00
       1/99      6.41G     0.1078    0.06241    0.05959        280        640:  50%|█████     | 6/12 00:00
       1/99      6.41G     0.1066     0.0619    0.05936        286        640:  50%|█████     | 6/12 00:00
       1/99      6.41G     0.1066     0.0619    0.05936        286        640:  67%|██████▋   | 8/12 00:00
       1/99      6.41G     0.1054    0.06168    0.05922        290        640:  67%|██████▋   | 8/12 00:00
       1/99      6.41G     0.1048    0.06102    0.05906        273        640:  67%|██████▋   | 8/12 00:00
       1/99      6.41G     0.1048    0.06102    0.05906        273        640:  83%|████████▎ | 10/12 00:00
       1/99      6.41G      0.104    0.06102    0.05889        320        640:  83%|████████▎ | 10/12 00:01
       1/99      6.41G     0.1034    0.06096    0.05876        200        640:  83%|████████▎ | 10/12 00:01
       1/99      6.41G     0.1034    0.06096    0.05876        200        640: 100%|██████████| 12/12 00:01
       1/99      6.41G     0.1034    0.06096    0.05876        200        640: 100%|██████████| 12/12 00:01

                 Class     Images  Instances          P          R      mAP50   mAP50-95:   0%|          | 0/1 00:00
                 Class     Images  Instances          P          R      mAP50   mAP50-95: 100%|██████████| 1/1 00:00
                 Class     Images  Instances          P          R      mAP50   mAP50-95: 100%|██████████| 1/1 00:00
                   all         17         71    0.00938      0.403     0.0184    0.00458

      Epoch    GPU_mem   box_loss   obj_loss   cls_loss  Instances       Size

  0%|          | 0/12 00:00
       2/99      6.41G     0.0958    0.05516    0.05652        310        640:   0%|          | 0/12 00:00
       2/99      6.41G     0.0958    0.05516    0.05652        310        640:   8%|▊         | 1/12 00:00
       2/99      6.41G    0.09361    0.05346    0.05664        269        640:   8%|▊         | 1/12 00:00
       2/99      6.41G    0.09361    0.05346    0.05664        269        640:  17%|█▋        | 2/12 00:00
       2/99      6.41G    0.09245    0.05005    0.05673        217        640:  17%|█▋        | 2/12 00:00
       2/99      6.41G    0.09245    0.05005    0.05673        217        640:  25%|██▌       | 3/12 00:00
       2/99      6.41G    0.09156    0.05015    0.05665        248        640:  25%|██▌       | 3/12 00:00
       2/99      6.41G    0.09156    0.05015    0.05665        248        640:  33%|███▎      | 4/12 00:00
       2/99      6.41G    0.09036    0.05127    0.05657        280        640:  33%|███▎      | 4/12 00:00
       2/99      6.41G    0.09036    0.05127    0.05657        280        640:  42%|████▏     | 5/12 00:00
       2/99      6.41G    0.09015    0.05229    0.05639        348        640:  42%|████▏     | 5/12 00:00
       2/99      6.41G    0.09015    0.05229    0.05639        348        640:  50%|█████     | 6/12 00:00
       2/99      6.41G    0.08918    0.05194    0.05627        286        640:  50%|█████     | 6/12 00:00
       2/99      6.41G    0.08831    0.05162    0.05618        274        640:  50%|█████     | 6/12 00:00
       2/99      6.41G    0.08831    0.05162    0.05618        274        640:  67%|██████▋   | 8/12 00:00
       2/99      6.41G    0.08749    0.05152    0.05615        311        640:  67%|██████▋   | 8/12 00:00
       2/99      6.41G    0.08688    0.05099    0.05606        271        640:  67%|██████▋   | 8/12 00:01
       2/99      6.41G    0.08688    0.05099    0.05606        271        640:  83%|████████▎ | 10/12 00:01
       2/99      6.41G    0.08626    0.05089    0.05601        280        640:  83%|████████▎ | 10/12 00:01
       2/99      6.41G    0.08626    0.05089    0.05601        280        640:  92%|█████████▏| 11/12 00:01
       2/99      6.41G    0.08572    0.05108    0.05597        188        640:  92%|█████████▏| 11/12 00:01
       2/99      6.41G    0.08572    0.05108    0.05597        188        640: 100%|██████████| 12/12 00:01

                 Class     Images  Instances          P          R      mAP50   mAP50-95:   0%|          | 0/1 00:00
                 Class     Images  Instances          P          R      mAP50   mAP50-95: 100%|██████████| 1/1 00:00
                 Class     Images  Instances          P          R      mAP50   mAP50-95: 100%|██████████| 1/1 00:00
                   all         17         71      0.197       0.25     0.0905     0.0238

      Epoch    GPU_mem   box_loss   obj_loss   cls_loss  Instances       Size

  0%|          | 0/12 00:00
       3/99      6.41G    0.07792    0.04728    0.05485        272        640:   0%|          | 0/12 00:00
       3/99      6.41G    0.07931    0.04569    0.05474        272        640:   0%|          | 0/12 00:00
       3/99      6.41G    0.07931    0.04569    0.05474        272        640:  17%|█▋        | 2/12 00:00
       3/99      6.41G    0.07932    0.04517    0.05484        268        640:  17%|█▋        | 2/12 00:00
       3/99      6.41G    0.07885    0.04672    0.05475        347        640:  17%|█▋        | 2/12 00:00
       3/99      6.41G    0.07885    0.04672    0.05475        347        640:  33%|███▎      | 4/12 00:00
       3/99      6.41G    0.07943    0.04672    0.05457        307        640:  33%|███▎      | 4/12 00:00
       3/99      6.41G     0.0788    0.04694    0.05452        316        640:  33%|███▎      | 4/12 00:00
       3/99      6.41G     0.0788    0.04694    0.05452        316        640:  50%|█████     | 6/12 00:00
       3/99      6.41G    0.07903    0.04675    0.05443        319        640:  50%|█████     | 6/12 00:00
       3/99      6.41G    0.07824    0.04667    0.05431        297        640:  50%|█████     | 6/12 00:00
       3/99      6.41G    0.07824    0.04667    0.05431        297        640:  67%|██████▋   | 8/12 00:00
       3/99      6.41G    0.07813    0.04627    0.05417        260        640:  67%|██████▋   | 8/12 00:00
       3/99      6.41G    0.07827    0.04645    0.05404        353        640:  67%|██████▋   | 8/12 00:00
       3/99      6.41G    0.07827    0.04645    0.05404        353        640:  83%|████████▎ | 10/12 00:00
       3/99      6.41G     0.0781    0.04646    0.05394        331        640:  83%|████████▎ | 10/12 00:01
       3/99      6.41G    0.07722    0.04599    0.05386        131        640:  83%|████████▎ | 10/12 00:01
       3/99      6.41G    0.07722    0.04599    0.05386        131        640: 100%|██████████| 12/12 00:01
       3/99      6.41G    0.07722    0.04599    0.05386        131        640: 100%|██████████| 12/12 00:01

                 Class     Images  Instances          P          R      mAP50   mAP50-95:   0%|          | 0/1 00:00
                 Class     Images  Instances          P          R      mAP50   mAP50-95: 100%|██████████| 1/1 00:00
                 Class     Images  Instances          P          R      mAP50   mAP50-95: 100%|██████████| 1/1 00:00
                   all         17         71      0.209      0.315      0.147     0.0483

      Epoch    GPU_mem   box_loss   obj_loss   cls_loss  Instances       Size

  0%|          | 0/12 00:00
       4/99      6.41G    0.07567    0.04296    0.05185        281        640:   0%|          | 0/12 00:00
       4/99      6.41G    0.07567    0.04296    0.05185        281        640:   8%|▊         | 1/12 00:00
       4/99      6.41G    0.07427    0.04528    0.05243        330        640:   8%|▊         | 1/12 00:00
       4/99      6.41G    0.07427    0.04528    0.05243        330        640:  17%|█▋        | 2/12 00:00
       4/99      6.41G    0.07415     0.0446    0.05267        285        640:  17%|█▋        | 2/12 00:00
       4/99      6.41G    0.07415     0.0465    0.05275        386        640:  17%|█▋        | 2/12 00:00
       4/99      6.41G    0.07415     0.0465    0.05275        386        640:  33%|███▎      | 4/12 00:00
       4/99      6.41G    0.07386    0.04672    0.05279        314        640:  33%|███▎      | 4/12 00:00
       4/99      6.41G    0.07377    0.04554    0.05274        272        640:  33%|███▎      | 4/12 00:00
       4/99      6.41G    0.07377    0.04554    0.05274        272        640:  50%|█████     | 6/12 00:00
       4/99      6.41G    0.07414    0.04447    0.05272        239        640:  50%|█████     | 6/12 00:00
       4/99      6.41G    0.07443    0.04405    0.05266        272        640:  50%|█████     | 6/12 00:00
       4/99      6.41G    0.07443    0.04405    0.05266        272        640:  67%|██████▋   | 8/12 00:00
       4/99      6.41G     0.0741    0.04435     0.0526        319        640:  67%|██████▋   | 8/12 00:00
       4/99      6.41G    0.07407    0.04427    0.05259        298        640:  67%|██████▋   | 8/12 00:00
       4/99      6.41G    0.07407    0.04427    0.05259        298        640:  83%|████████▎ | 10/12 00:00
       4/99      6.41G    0.07408    0.04433    0.05256        323        640:  83%|████████▎ | 10/12 00:01
       4/99      6.41G    0.07418    0.04387    0.05255        159        640:  83%|████████▎ | 10/12 00:01
       4/99      6.41G    0.07418    0.04387    0.05255        159        640: 100%|██████████| 12/12 00:01
       4/99      6.41G    0.07418    0.04387    0.05255        159        640: 100%|██████████| 12/12 00:01

                 Class     Images  Instances          P          R      mAP50   mAP50-95:   0%|          | 0/1 00:00
                 Class     Images  Instances          P          R      mAP50   mAP50-95: 100%|██████████| 1/1 00:00
                   all         17         71      0.212      0.444      0.185     0.0465

      Epoch    GPU_mem   box_loss   obj_loss   cls_loss  Instances       Size

  0%|          | 0/12 00:00
       5/99      6.41G    0.07231    0.04432    0.05242        290        640:   0%|          | 0/12 00:00
       5/99      6.41G    0.07679    0.04625    0.05211        372        640:   0%|          | 0/12 00:00
       5/99      6.41G    0.07679    0.04625    0.05211        372        640:  17%|█▋        | 2/12 00:00
       5/99      6.41G    0.07575    0.04539    0.05202        308        640:  17%|█▋        | 2/12 00:00
       5/99      6.41G    0.07628    0.04273    0.05212        225        640:  17%|█▋        | 2/12 00:00
       5/99      6.41G    0.07628    0.04273    0.05212        225        640:  33%|███▎      | 4/12 00:00
       5/99      6.41G    0.07625    0.04302    0.05202        349        640:  33%|███▎      | 4/12 00:00
       5/99      6.41G     0.0754    0.04282    0.05195        275        640:  33%|███▎      | 4/12 00:00
       5/99      6.41G     0.0754    0.04282    0.05195        275        640:  50%|█████     | 6/12 00:00
       5/99      6.41G    0.07516    0.04212    0.05191        244        640:  50%|█████     | 6/12 00:00
       5/99      6.41G    0.07496    0.04273    0.05189        335        640:  50%|█████     | 6/12 00:00
       5/99      6.41G    0.07496    0.04273    0.05189        335        640:  67%|██████▋   | 8/12 00:00
       5/99      6.41G    0.07411    0.04214    0.05186        219        640:  67%|██████▋   | 8/12 00:00
       5/99      6.41G    0.07343    0.04179    0.05186        248        640:  67%|██████▋   | 8/12 00:00
       5/99      6.41G    0.07343    0.04179    0.05186        248        640:  83%|████████▎ | 10/12 00:00
       5/99      6.41G    0.07325    0.04168    0.05183        286        640:  83%|████████▎ | 10/12 00:01
       5/99      6.41G    0.07295     0.0421    0.05177        206        640:  83%|████████▎ | 10/12 00:01
       5/99      6.41G    0.07295     0.0421    0.05177        206        640: 100%|██████████| 12/12 00:01
       5/99      6.41G    0.07295     0.0421    0.05177        206        640: 100%|██████████| 12/12 00:01

                 Class     Images  Instances          P          R      mAP50   mAP50-95:   0%|          | 0/1 00:00
                 Class     Images  Instances          P          R      mAP50   mAP50-95: 100%|██████████| 1/1 00:00
                   all         17         71      0.193      0.567      0.126     0.0443

      Epoch    GPU_mem   box_loss   obj_loss   cls_loss  Instances       Size

  0%|          | 0/12 00:00
       6/99      6.41G    0.08101    0.04209    0.05111        330        640:   0%|          | 0/12 00:00
       6/99      6.41G    0.08022    0.03951    0.05125        275        640:   0%|          | 0/12 00:00
       6/99      6.41G    0.08022    0.03951    0.05125        275        640:  17%|█▋        | 2/12 00:00
       6/99      6.41G    0.07718    0.04062    0.05112        297        640:  17%|█▋        | 2/12 00:00
       6/99      6.41G    0.07591    0.03929    0.05087        218        640:  17%|█▋        | 2/12 00:00
       6/99      6.41G    0.07591    0.03929    0.05087        218        640:  33%|███▎      | 4/12 00:00
       6/99      6.41G    0.07576    0.03948    0.05083        294        640:  33%|███▎      | 4/12 00:00
       6/99      6.41G    0.07572    0.03953    0.05077        296        640:  33%|███▎      | 4/12 00:00
       6/99      6.41G    0.07572    0.03953    0.05077        296        640:  50%|█████     | 6/12 00:00
       6/99      6.41G    0.07526    0.03945    0.05067        266        640:  50%|█████     | 6/12 00:00
       6/99      6.41G     0.0749    0.04001    0.05063        306        640:  50%|█████     | 6/12 00:00
       6/99      6.41G     0.0749    0.04001    0.05063        306        640:  67%|██████▋   | 8/12 00:00
       6/99      6.41G    0.07481    0.04104    0.05056        365        640:  67%|██████▋   | 8/12 00:00
       6/99      6.41G    0.07463    0.04028     0.0505        216        640:  67%|██████▋   | 8/12 00:00
       6/99      6.41G    0.07463    0.04028     0.0505        216        640:  83%|████████▎ | 10/12 00:00
       6/99      6.41G    0.07481    0.04032    0.05043        284        640:  83%|████████▎ | 10/12 00:01
       6/99      6.41G    0.07532    0.04034    0.05037        183        640:  83%|████████▎ | 10/12 00:01
       6/99      6.41G    0.07532    0.04034    0.05037        183        640: 100%|██████████| 12/12 00:01
       6/99      6.41G    0.07532    0.04034    0.05037        183        640: 100%|██████████| 12/12 00:01

                 Class     Images  Instances          P          R      mAP50   mAP50-95:   0%|          | 0/1 00:00
                 Class     Images  Instances          P          R      mAP50   mAP50-95: 100%|██████████| 1/1 00:00
                   all         17         71      0.295       0.48      0.353      0.115

      Epoch    GPU_mem   box_loss   obj_loss   cls_loss  Instances       Size

  0%|          | 0/12 00:00
       7/99      6.41G    0.07088    0.04116    0.04947        305        640:   0%|          | 0/12 00:00
       7/99      6.41G    0.07083    0.04113    0.04962        305        640:   0%|          | 0/12 00:00
       7/99      6.41G    0.07083    0.04113    0.04962        305        640:  17%|█▋        | 2/12 00:00
       7/99      6.41G    0.07351    0.03951     0.0492        277        640:  17%|█▋        | 2/12 00:00
       7/99      6.41G    0.07417    0.03792    0.04921        247        640:  17%|█▋        | 2/12 00:00
       7/99      6.41G    0.07417    0.03792    0.04921        247        640:  33%|███▎      | 4/12 00:00
       7/99      6.41G    0.07354     0.0383    0.04906        291        640:  33%|███▎      | 4/12 00:00
       7/99      6.41G    0.07374     0.0385    0.04902        300        640:  33%|███▎      | 4/12 00:00
       7/99      6.41G    0.07374     0.0385    0.04902        300        640:  50%|█████     | 6/12 00:00
       7/99      6.41G    0.07364    0.03805    0.04899        268        640:  50%|█████     | 6/12 00:00
       7/99      6.41G    0.07356    0.03837     0.0489        281        640:  50%|█████     | 6/12 00:00
       7/99      6.41G    0.07356    0.03837     0.0489        281        640:  67%|██████▋   | 8/12 00:00
       7/99      6.41G    0.07328    0.03837    0.04877        282        640:  67%|██████▋   | 8/12 00:00
       7/99      6.41G    0.07308     0.0381    0.04879        224        640:  67%|██████▋   | 8/12 00:00
       7/99      6.41G    0.07308     0.0381    0.04879        224        640:  83%|████████▎ | 10/12 00:00
       7/99      6.41G    0.07259    0.03853     0.0487        307        640:  83%|████████▎ | 10/12 00:01
       7/99      6.41G    0.07245    0.03933    0.04862        214        640:  83%|████████▎ | 10/12 00:01
       7/99      6.41G    0.07245    0.03933    0.04862        214        640: 100%|██████████| 12/12 00:01
       7/99      6.41G    0.07245    0.03933    0.04862        214        640: 100%|██████████| 12/12 00:01

                 Class     Images  Instances          P          R      mAP50   mAP50-95:   0%|          | 0/1 00:00
                 Class     Images  Instances          P          R      mAP50   mAP50-95: 100%|██████████| 1/1 00:00
                   all         17         71      0.238      0.268      0.267      0.113

      Epoch    GPU_mem   box_loss   obj_loss   cls_loss  Instances       Size

  0%|          | 0/12 00:00
       8/99      6.41G    0.07858    0.03492    0.04709        242        640:   0%|          | 0/12 00:00
       8/99      6.41G    0.07748    0.03604    0.04715        289        640:   0%|          | 0/12 00:00
       8/99      6.41G    0.07748    0.03604    0.04715        289        640:  17%|█▋        | 2/12 00:00
       8/99      6.41G    0.07378    0.04093    0.04716        317        640:  17%|█▋        | 2/12 00:00
       8/99      6.41G    0.07109    0.04111    0.04708        263        640:  17%|█▋        | 2/12 00:00
       8/99      6.41G    0.07109    0.04111    0.04708        263        640:  33%|███▎      | 4/12 00:00
       8/99      6.41G    0.07093    0.04033    0.04658        237        640:  33%|███▎      | 4/12 00:00
       8/99      6.41G    0.07084    0.03983    0.04641        254        640:  33%|███▎      | 4/12 00:00
       8/99      6.41G    0.07084    0.03983    0.04641        254        640:  50%|█████     | 6/12 00:00
       8/99      6.41G       0.07    0.03884    0.04636        214        640:  50%|█████     | 6/12 00:00
       8/99      6.41G    0.06959    0.03933    0.04622        297        640:  50%|█████     | 6/12 00:00
       8/99      6.41G    0.06959    0.03933    0.04622        297        640:  67%|██████▋   | 8/12 00:00
       8/99      6.41G    0.07005    0.04027    0.04614        396        640:  67%|██████▋   | 8/12 00:00
       8/99      6.41G    0.07034    0.03995    0.04604        273        640:  67%|██████▋   | 8/12 00:00
       8/99      6.41G    0.07034    0.03995    0.04604        273        640:  83%|████████▎ | 10/12 00:00
       8/99      6.41G    0.06987    0.03957    0.04592        256        640:  83%|████████▎ | 10/12 00:01
       8/99      6.41G     0.0692    0.03941    0.04583        149        640:  83%|████████▎ | 10/12 00:01
       8/99      6.41G     0.0692    0.03941    0.04583        149        640: 100%|██████████| 12/12 00:01
       8/99      6.41G     0.0692    0.03941    0.04583        149        640: 100%|██████████| 12/12 00:01

                 Class     Images  Instances          P          R      mAP50   mAP50-95:   0%|          | 0/1 00:00
                 Class     Images  Instances          P          R      mAP50   mAP50-95: 100%|██████████| 1/1 00:00
                   all         17         71       0.29      0.395      0.336      0.105

      Epoch    GPU_mem   box_loss   obj_loss   cls_loss  Instances       Size

  0%|          | 0/12 00:00
       9/99      6.41G    0.06847    0.03325    0.04395        217        640:   0%|          | 0/12 00:00
       9/99      6.41G    0.06882    0.03573    0.04435        290        640:   0%|          | 0/12 00:00
       9/99      6.41G    0.06882    0.03573    0.04435        290        640:  17%|█▋        | 2/12 00:00
       9/99      6.41G    0.07081    0.03743    0.04466        325        640:  17%|█▋        | 2/12 00:00
       9/99      6.41G    0.07141    0.03651    0.04482        257        640:  17%|█▋        | 2/12 00:00
       9/99      6.41G    0.07141    0.03651    0.04482        257        640:  33%|███▎      | 4/12 00:00
       9/99      6.41G    0.06915    0.03838    0.04433        334        640:  33%|███▎      | 4/12 00:00
       9/99      6.41G    0.06751    0.03752    0.04416        240        640:  33%|███▎      | 4/12 00:00
       9/99      6.41G    0.06751    0.03752    0.04416        240        640:  50%|█████     | 6/12 00:00
       9/99      6.41G    0.06816    0.03787    0.04396        318        640:  50%|█████     | 6/12 00:00
       9/99      6.41G     0.0683    0.03693    0.04384        226        640:  50%|█████     | 6/12 00:00
       9/99      6.41G     0.0683    0.03693    0.04384        226        640:  67%|██████▋   | 8/12 00:00
       9/99      6.41G    0.06761    0.03755    0.04368        283        640:  67%|██████▋   | 8/12 00:00
       9/99      6.41G    0.06702    0.03848    0.04357        340        640:  67%|██████▋   | 8/12 00:01
       9/99      6.41G    0.06702    0.03848    0.04357        340        640:  83%|████████▎ | 10/12 00:01
       9/99      6.41G    0.06661    0.03943    0.04335        375        640:  83%|████████▎ | 10/12 00:01
       9/99      6.41G    0.06615    0.03896    0.04329        141        640:  83%|████████▎ | 10/12 00:01
       9/99      6.41G    0.06615    0.03896    0.04329        141        640: 100%|██████████| 12/12 00:01
       9/99      6.41G    0.06615    0.03896    0.04329        141        640: 100%|██████████| 12/12 00:01

                 Class     Images  Instances          P          R      mAP50   mAP50-95:   0%|          | 0/1 00:00
                 Class     Images  Instances          P          R      mAP50   mAP50-95: 100%|██████████| 1/1 00:00
                   all         17         71      0.321      0.737      0.566      0.229

      Epoch    GPU_mem   box_loss   obj_loss   cls_loss  Instances       Size

  0%|          | 0/12 00:00
      10/99      6.41G    0.06116    0.03772    0.04096        266        640:   0%|          | 0/12 00:00
      10/99      6.41G    0.06078    0.04117    0.04134        314        640:   0%|          | 0/12 00:00
      10/99      6.41G    0.06078    0.04117    0.04134        314        640:  17%|█▋        | 2/12 00:00
      10/99      6.41G    0.06286    0.03878    0.04079        254        640:  17%|█▋        | 2/12 00:00
      10/99      6.41G    0.06357    0.03902    0.04075        322        640:  17%|█▋        | 2/12 00:00
      10/99      6.41G    0.06357    0.03902    0.04075        322        640:  33%|███▎      | 4/12 00:00
      10/99      6.41G    0.06248    0.03897    0.04065        293        640:  33%|███▎      | 4/12 00:00
      10/99      6.41G    0.06229    0.03886    0.04065        304        640:  33%|███▎      | 4/12 00:00
      10/99      6.41G    0.06229    0.03886    0.04065        304        640:  50%|█████     | 6/12 00:00
      10/99      6.41G    0.06323    0.03788    0.04054        261        640:  50%|█████     | 6/12 00:00
      10/99      6.41G    0.06373    0.03788    0.04048        307        640:  50%|█████     | 6/12 00:00
      10/99      6.41G    0.06373    0.03788    0.04048        307        640:  67%|██████▋   | 8/12 00:00
      10/99      6.41G    0.06236    0.03754    0.04047        222        640:  67%|██████▋   | 8/12 00:00
      10/99      6.41G    0.06172    0.03812    0.04035        345        640:  67%|██████▋   | 8/12 00:00
      10/99      6.41G    0.06172    0.03812    0.04035        345        640:  83%|████████▎ | 10/12 00:00
      10/99      6.41G    0.06201    0.03807    0.04019        281        640:  83%|████████▎ | 10/12 00:01
      10/99      6.41G    0.06216    0.03871    0.04001        220        640:  83%|████████▎ | 10/12 00:01
      10/99      6.41G    0.06216    0.03871    0.04001        220        640: 100%|██████████| 12/12 00:01
      10/99      6.41G    0.06216    0.03871    0.04001        220        640: 100%|██████████| 12/12 00:01

                 Class     Images  Instances          P          R      mAP50   mAP50-95:   0%|          | 0/1 00:00
                 Class     Images  Instances          P          R      mAP50   mAP50-95: 100%|██████████| 1/1 00:00
                   all         17         71      0.354      0.866      0.609      0.214

      Epoch    GPU_mem   box_loss   obj_loss   cls_loss  Instances       Size

  0%|          | 0/12 00:00
      11/99      6.41G    0.05969    0.04065    0.03876        343        640:   0%|          | 0/12 00:00
      11/99      6.41G    0.05781    0.03808    0.03948        247        640:   0%|          | 0/12 00:00
      11/99      6.41G    0.05781    0.03808    0.03948        247        640:  17%|█▋        | 2/12 00:00
      11/99      6.41G    0.05943    0.03951    0.03926        341        640:  17%|█▋        | 2/12 00:00
      11/99      6.41G    0.06029     0.0394    0.03899        311        640:  17%|█▋        | 2/12 00:00
      11/99      6.41G    0.06029     0.0394    0.03899        311        640:  33%|███▎      | 4/12 00:00
      11/99      6.41G     0.0598    0.03853     0.0389        288        640:  33%|███▎      | 4/12 00:00
      11/99      6.41G    0.05918    0.03752    0.03884        244        640:  33%|███▎      | 4/12 00:00
      11/99      6.41G    0.05918    0.03752    0.03884        244        640:  50%|█████     | 6/12 00:00
      11/99      6.41G    0.05927    0.03638    0.03872        226        640:  50%|█████     | 6/12 00:00
      11/99      6.41G    0.05926    0.03678    0.03851        312        640:  50%|█████     | 6/12 00:00
      11/99      6.41G    0.05926    0.03678    0.03851        312        640:  67%|██████▋   | 8/12 00:00
      11/99      6.41G    0.05908    0.03581    0.03843        226        640:  67%|██████▋   | 8/12 00:00
      11/99      6.41G    0.05901    0.03631    0.03824        330        640:  67%|██████▋   | 8/12 00:01
      11/99      6.41G    0.05901    0.03631    0.03824        330        640:  83%|████████▎ | 10/12 00:01
      11/99      6.41G      0.059    0.03663    0.03817        319        640:  83%|████████▎ | 10/12 00:01
      11/99      6.41G    0.05888    0.03644    0.03811        169        640:  83%|████████▎ | 10/12 00:01
      11/99      6.41G    0.05888    0.03644    0.03811        169        640: 100%|██████████| 12/12 00:01
      11/99      6.41G    0.05888    0.03644    0.03811        169        640: 100%|██████████| 12/12 00:01

                 Class     Images  Instances          P          R      mAP50   mAP50-95:   0%|          | 0/1 00:00
                 Class     Images  Instances          P          R      mAP50   mAP50-95: 100%|██████████| 1/1 00:00
                   all         17         71      0.471      0.885      0.676      0.239

      Epoch    GPU_mem   box_loss   obj_loss   cls_loss  Instances       Size

  0%|          | 0/12 00:00
      12/99      6.41G    0.05832    0.03422    0.03602        291        640:   0%|          | 0/12 00:00
      12/99      6.41G    0.05854    0.03349    0.03611        290        640:   0%|          | 0/12 00:00
      12/99      6.41G    0.05854    0.03349    0.03611        290        640:  17%|█▋        | 2/12 00:00
      12/99      6.41G    0.06055    0.03425    0.03648        272        640:  17%|█▋        | 2/12 00:00
      12/99      6.41G    0.06158    0.03495     0.0366        311        640:  17%|█▋        | 2/12 00:00
      12/99      6.41G    0.06158    0.03495     0.0366        311        640:  33%|███▎      | 4/12 00:00
      12/99      6.41G    0.05963    0.03526    0.03644        288        640:  33%|███▎      | 4/12 00:00
      12/99      6.41G    0.05854    0.03559    0.03629        293        640:  33%|███▎      | 4/12 00:00
      12/99      6.41G    0.05854    0.03559    0.03629        293        640:  50%|█████     | 6/12 00:00
      12/99      6.41G    0.05933    0.03497    0.03608        205        640:  50%|█████     | 6/12 00:00
      12/99      6.41G    0.05965    0.03487    0.03602        247        640:  50%|█████     | 6/12 00:00
      12/99      6.41G    0.05965    0.03487    0.03602        247        640:  67%|██████▋   | 8/12 00:00
      12/99      6.41G    0.05876    0.03552    0.03579        324        640:  67%|██████▋   | 8/12 00:00
      12/99      6.41G    0.05793    0.03521    0.03566        244        640:  67%|██████▋   | 8/12 00:01
      12/99      6.41G    0.05793    0.03521    0.03566        244        640:  83%|████████▎ | 10/12 00:01
      12/99      6.41G    0.05843    0.03568     0.0356        343        640:  83%|████████▎ | 10/12 00:01
      12/99      6.41G     0.0589    0.03602     0.0356        198        640:  83%|████████▎ | 10/12 00:01
      12/99      6.41G     0.0589    0.03602     0.0356        198        640: 100%|██████████| 12/12 00:01
      12/99      6.41G     0.0589    0.03602     0.0356        198        640: 100%|██████████| 12/12 00:01

                 Class     Images  Instances          P          R      mAP50   mAP50-95:   0%|          | 0/1 00:00
                 Class     Images  Instances          P          R      mAP50   mAP50-95: 100%|██████████| 1/1 00:00
                   all         17         71      0.465      0.903      0.792      0.324

      Epoch    GPU_mem   box_loss   obj_loss   cls_loss  Instances       Size

  0%|          | 0/12 00:00
      13/99      6.41G    0.05099    0.03502     0.0327        282        640:   0%|          | 0/12 00:00
      13/99      6.41G    0.05185    0.03598    0.03383        303        640:   0%|          | 0/12 00:00
      13/99      6.41G    0.05185    0.03598    0.03383        303        640:  17%|█▋        | 2/12 00:00
      13/99      6.41G    0.05292    0.03455    0.03386        264        640:  17%|█▋        | 2/12 00:00
      13/99      6.41G    0.05436    0.03457    0.03368        262        640:  17%|█▋        | 2/12 00:00
      13/99      6.41G    0.05436    0.03457    0.03368        262        640:  33%|███▎      | 4/12 00:00
      13/99      6.41G    0.05508    0.03472    0.03337        305        640:  33%|███▎      | 4/12 00:00
      13/99      6.41G    0.05518    0.03463    0.03331        274        640:  33%|███▎      | 4/12 00:00
      13/99      6.41G    0.05518    0.03463    0.03331        274        640:  50%|█████     | 6/12 00:00
      13/99      6.41G    0.05509    0.03527    0.03345        325        640:  50%|█████     | 6/12 00:00
      13/99      6.41G    0.05551    0.03478    0.03338        235        640:  50%|█████     | 6/12 00:00
      13/99      6.41G    0.05551    0.03478    0.03338        235        640:  67%|██████▋   | 8/12 00:00
      13/99      6.41G    0.05564    0.03453    0.03331        295        640:  67%|██████▋   | 8/12 00:00
      13/99      6.41G    0.05507    0.03438     0.0332        241        640:  67%|██████▋   | 8/12 00:00
      13/99      6.41G    0.05507    0.03438     0.0332        241        640:  83%|████████▎ | 10/12 00:00
      13/99      6.41G    0.05498    0.03423    0.03314        267        640:  83%|████████▎ | 10/12 00:01
      13/99      6.41G    0.05492    0.03447      0.033        183        640:  83%|████████▎ | 10/12 00:01
      13/99      6.41G    0.05492    0.03447      0.033        183        640: 100%|██████████| 12/12 00:01
      13/99      6.41G    0.05492    0.03447      0.033        183        640: 100%|██████████| 12/12 00:01

                 Class     Images  Instances          P          R      mAP50   mAP50-95:   0%|          | 0/1 00:00
                 Class     Images  Instances          P          R      mAP50   mAP50-95: 100%|██████████| 1/1 00:00
                   all         17         71      0.506      0.915      0.843      0.333

      Epoch    GPU_mem   box_loss   obj_loss   cls_loss  Instances       Size

  0%|          | 0/12 00:00
      14/99      6.41G    0.05498    0.03918    0.03264        340        640:   0%|          | 0/12 00:00
      14/99      6.41G    0.05483    0.03463    0.03168        241        640:   0%|          | 0/12 00:00
      14/99      6.41G    0.05483    0.03463    0.03168        241        640:  17%|█▋        | 2/12 00:00
      14/99      6.41G     0.0544    0.03528    0.03143        310        640:  17%|█▋        | 2/12 00:00
      14/99      6.41G    0.05523     0.0362    0.03128        309        640:  17%|█▋        | 2/12 00:00
      14/99      6.41G    0.05523     0.0362    0.03128        309        640:  33%|███▎      | 4/12 00:00
      14/99      6.41G    0.05465    0.03637    0.03092        311        640:  33%|███▎      | 4/12 00:00
      14/99      6.41G    0.05407    0.03616    0.03063        296        640:  33%|███▎      | 4/12 00:00
      14/99      6.41G    0.05407    0.03616    0.03063        296        640:  50%|█████     | 6/12 00:00
      14/99      6.41G    0.05426    0.03617    0.03071        314        640:  50%|█████     | 6/12 00:00
      14/99      6.41G     0.0545     0.0362    0.03056        308        640:  50%|█████     | 6/12 00:00
      14/99      6.41G     0.0545     0.0362    0.03056        308        640:  67%|██████▋   | 8/12 00:00
      14/99      6.41G    0.05392    0.03556    0.03045        251        640:  67%|██████▋   | 8/12 00:00
      14/99      6.41G    0.05356    0.03508    0.03046        251        640:  67%|██████▋   | 8/12 00:00
      14/99      6.41G    0.05356    0.03508    0.03046        251        640:  83%|████████▎ | 10/12 00:00
      14/99      6.41G    0.05368    0.03512    0.03026        302        640:  83%|████████▎ | 10/12 00:01
      14/99      6.41G    0.05392     0.0355    0.03032        193        640:  83%|████████▎ | 10/12 00:01
      14/99      6.41G    0.05392     0.0355    0.03032        193        640: 100%|██████████| 12/12 00:01
      14/99      6.41G    0.05392     0.0355    0.03032        193        640: 100%|██████████| 12/12 00:01

                 Class     Images  Instances          P          R      mAP50   mAP50-95:   0%|          | 0/1 00:00
                 Class     Images  Instances          P          R      mAP50   mAP50-95: 100%|██████████| 1/1 00:00
                   all         17         71      0.676      0.827      0.833      0.426

      Epoch    GPU_mem   box_loss   obj_loss   cls_loss  Instances       Size

  0%|          | 0/12 00:00
      15/99      6.41G    0.05025    0.03727    0.02966        315        640:   0%|          | 0/12 00:00
      15/99      6.41G    0.05063    0.03535    0.02956        290        640:   0%|          | 0/12 00:00
      15/99      6.41G    0.05063    0.03535    0.02956        290        640:  17%|█▋        | 2/12 00:00
      15/99      6.41G    0.05199    0.03472     0.0298        277        640:  17%|█▋        | 2/12 00:00
      15/99      6.41G    0.05288    0.03437    0.02974        274        640:  17%|█▋        | 2/12 00:00
      15/99      6.41G    0.05288    0.03437    0.02974        274        640:  33%|███▎      | 4/12 00:00
      15/99      6.41G    0.05208    0.03491    0.02959        300        640:  33%|███▎      | 4/12 00:00
      15/99      6.41G    0.05132    0.03545    0.02955        297        640:  33%|███▎      | 4/12 00:00
      15/99      6.41G    0.05132    0.03545    0.02955        297        640:  50%|█████     | 6/12 00:00
      15/99      6.41G    0.05143    0.03609    0.02935        333        640:  50%|█████     | 6/12 00:00
      15/99      6.41G    0.05161    0.03547    0.02927        246        640:  50%|█████     | 6/12 00:00
      15/99      6.41G    0.05161    0.03547    0.02927        246        640:  67%|██████▋   | 8/12 00:00
      15/99      6.41G     0.0516     0.0351    0.02914        268        640:  67%|██████▋   | 8/12 00:00
      15/99      6.41G    0.05151    0.03483    0.02907        259        640:  67%|██████▋   | 8/12 00:01
      15/99      6.41G    0.05151    0.03483    0.02907        259        640:  83%|████████▎ | 10/12 00:01
      15/99      6.41G    0.05125    0.03492    0.02898        308        640:  83%|████████▎ | 10/12 00:01
      15/99      6.41G     0.0515    0.03494    0.02901        175        640:  83%|████████▎ | 10/12 00:01
      15/99      6.41G     0.0515    0.03494    0.02901        175        640: 100%|██████████| 12/12 00:01
      15/99      6.41G     0.0515    0.03494    0.02901        175        640: 100%|██████████| 12/12 00:01

                 Class     Images  Instances          P          R      mAP50   mAP50-95:   0%|          | 0/1 00:00
                 Class     Images  Instances          P          R      mAP50   mAP50-95: 100%|██████████| 1/1 00:00
                   all         17         71      0.641      0.859      0.852      0.452

      Epoch    GPU_mem   box_loss   obj_loss   cls_loss  Instances       Size

  0%|          | 0/12 00:00
      16/99      6.41G    0.05134    0.03935    0.02681        342        640:   0%|          | 0/12 00:00
      16/99      6.41G    0.05134    0.03935    0.02681        342        640:   8%|▊         | 1/12 00:00
      16/99      6.41G    0.05204     0.0382    0.02648        309        640:   8%|▊         | 1/12 00:00
      16/99      6.41G    0.05204     0.0382    0.02648        309        640:  17%|█▋        | 2/12 00:00
      16/99      6.41G    0.05196    0.03784    0.02645        305        640:  17%|█▋        | 2/12 00:00
      16/99      6.41G    0.05204    0.03747    0.02651        300        640:  17%|█▋        | 2/12 00:00
      16/99      6.41G    0.05204    0.03747    0.02651        300        640:  33%|███▎      | 4/12 00:00
      16/99      6.41G    0.05165    0.03725    0.02658        314        640:  33%|███▎      | 4/12 00:00
      16/99      6.41G    0.05136      0.037    0.02644        298        640:  33%|███▎      | 4/12 00:00
      16/99      6.41G    0.05136      0.037    0.02644        298        640:  50%|█████     | 6/12 00:00
      16/99      6.41G    0.05161    0.03627    0.02646        250        640:  50%|█████     | 6/12 00:00
      16/99      6.41G    0.05157     0.0355    0.02643        238        640:  50%|█████     | 6/12 00:00
      16/99      6.41G    0.05157     0.0355    0.02643        238        640:  67%|██████▋   | 8/12 00:00
      16/99      6.41G    0.05172    0.03543    0.02635        297        640:  67%|██████▋   | 8/12 00:00
      16/99      6.41G    0.05141    0.03525    0.02634        296        640:  67%|██████▋   | 8/12 00:01
      16/99      6.41G    0.05141    0.03525    0.02634        296        640:  83%|████████▎ | 10/12 00:01
      16/99      6.41G    0.05128     0.0355    0.02634        329        640:  83%|████████▎ | 10/12 00:01
      16/99      6.41G    0.05118    0.03525    0.02628        163        640:  83%|████████▎ | 10/12 00:01
      16/99      6.41G    0.05118    0.03525    0.02628        163        640: 100%|██████████| 12/12 00:01
      16/99      6.41G    0.05118    0.03525    0.02628        163        640: 100%|██████████| 12/12 00:01

                 Class     Images  Instances          P          R      mAP50   mAP50-95:   0%|          | 0/1 00:00
                 Class     Images  Instances          P          R      mAP50   mAP50-95: 100%|██████████| 1/1 00:00
                   all         17         71      0.669      0.862      0.868      0.401

      Epoch    GPU_mem   box_loss   obj_loss   cls_loss  Instances       Size

  0%|          | 0/12 00:00
      17/99      6.41G    0.04831    0.02773    0.02495        240        640:   0%|          | 0/12 00:00
      17/99      6.41G    0.04919    0.02935     0.0255        266        640:   0%|          | 0/12 00:00
      17/99      6.41G    0.04919    0.02935     0.0255        266        640:  17%|█▋        | 2/12 00:00
      17/99      6.41G     0.0487    0.03233    0.02521        344        640:  17%|█▋        | 2/12 00:00
      17/99      6.41G    0.04843    0.03251    0.02527        273        640:  17%|█▋        | 2/12 00:00
      17/99      6.41G    0.04843    0.03251    0.02527        273        640:  33%|███▎      | 4/12 00:00
      17/99      6.41G    0.04908    0.03303    0.02548        301        640:  33%|███▎      | 4/12 00:00
      17/99      6.41G     0.0493    0.03268    0.02552        269        640:  33%|███▎      | 4/12 00:00
      17/99      6.41G     0.0493    0.03268    0.02552        269        640:  50%|█████     | 6/12 00:00
      17/99      6.41G    0.04941    0.03236     0.0255        242        640:  50%|█████     | 6/12 00:00
      17/99      6.41G    0.04937    0.03263    0.02558        281        640:  50%|█████     | 6/12 00:00
      17/99      6.41G    0.04937    0.03263    0.02558        281        640:  67%|██████▋   | 8/12 00:00
      17/99      6.41G    0.04946    0.03293    0.02544        302        640:  67%|██████▋   | 8/12 00:00
      17/99      6.41G    0.04932    0.03267    0.02524        256        640:  67%|██████▋   | 8/12 00:01
      17/99      6.41G    0.04932    0.03267    0.02524        256        640:  83%|████████▎ | 10/12 00:01
      17/99      6.41G    0.04945    0.03247    0.02522        257        640:  83%|████████▎ | 10/12 00:01
      17/99      6.41G    0.04945      0.032    0.02515        128        640:  83%|████████▎ | 10/12 00:01
      17/99      6.41G    0.04945      0.032    0.02515        128        640: 100%|██████████| 12/12 00:01
      17/99      6.41G    0.04945      0.032    0.02515        128        640: 100%|██████████| 12/12 00:01

                 Class     Images  Instances          P          R      mAP50   mAP50-95:   0%|          | 0/1 00:00
                 Class     Images  Instances          P          R      mAP50   mAP50-95: 100%|██████████| 1/1 00:00
                   all         17         71      0.635      0.903      0.896      0.443

      Epoch    GPU_mem   box_loss   obj_loss   cls_loss  Instances       Size

  0%|          | 0/12 00:00
      18/99      6.41G    0.04896    0.03132    0.02373        265        640:   0%|          | 0/12 00:00
      18/99      6.41G    0.04782    0.03306    0.02468        273        640:   0%|          | 0/12 00:00
      18/99      6.41G    0.04782    0.03306    0.02468        273        640:  17%|█▋        | 2/12 00:00
      18/99      6.41G    0.04848    0.03372    0.02435        291        640:  17%|█▋        | 2/12 00:00
      18/99      6.41G    0.04868    0.03276    0.02436        265        640:  17%|█▋        | 2/12 00:00
      18/99      6.41G    0.04868    0.03276    0.02436        265        640:  33%|███▎      | 4/12 00:00
      18/99      6.41G    0.04799    0.03256    0.02409        263        640:  33%|███▎      | 4/12 00:00
      18/99      6.41G    0.04789    0.03248    0.02397        272        640:  33%|███▎      | 4/12 00:00
      18/99      6.41G    0.04789    0.03248    0.02397        272        640:  50%|█████     | 6/12 00:00
      18/99      6.41G    0.04833    0.03229    0.02382        261        640:  50%|█████     | 6/12 00:00
      18/99      6.41G    0.04858    0.03197    0.02371        244        640:  50%|█████     | 6/12 00:00
      18/99      6.41G    0.04858    0.03197    0.02371        244        640:  67%|██████▋   | 8/12 00:00
      18/99      6.41G    0.04871    0.03223    0.02369        284        640:  67%|██████▋   | 8/12 00:00
      18/99      6.41G    0.04882     0.0325    0.02358        306        640:  67%|██████▋   | 8/12 00:01
      18/99      6.41G    0.04882     0.0325    0.02358        306        640:  83%|████████▎ | 10/12 00:01
      18/99      6.41G    0.04875    0.03219    0.02365        262        640:  83%|████████▎ | 10/12 00:01
      18/99      6.41G    0.04875    0.03219    0.02365        262        640:  92%|█████████▏| 11/12 00:01
      18/99      6.41G    0.04878     0.0324    0.02345        169        640:  92%|█████████▏| 11/12 00:01
      18/99      6.41G    0.04878     0.0324    0.02345        169        640: 100%|██████████| 12/12 00:01

                 Class     Images  Instances          P          R      mAP50   mAP50-95:   0%|          | 0/1 00:00
                 Class     Images  Instances          P          R      mAP50   mAP50-95: 100%|██████████| 1/1 00:00
                   all         17         71      0.708      0.896      0.941      0.491

      Epoch    GPU_mem   box_loss   obj_loss   cls_loss  Instances       Size

  0%|          | 0/12 00:00
      19/99      6.41G    0.04761    0.03145    0.02122        253        640:   0%|          | 0/12 00:00
      19/99      6.41G    0.04906    0.03089    0.02212        260        640:   0%|          | 0/12 00:00
      19/99      6.41G    0.04906    0.03089    0.02212        260        640:  17%|█▋        | 2/12 00:00
      19/99      6.41G    0.04865    0.03288    0.02265        305        640:  17%|█▋        | 2/12 00:00
      19/99      6.41G     0.0486    0.03187    0.02276        216        640:  17%|█▋        | 2/12 00:00
      19/99      6.41G     0.0486    0.03187    0.02276        216        640:  33%|███▎      | 4/12 00:00
      19/99      6.41G    0.04977    0.03257    0.02249        317        640:  33%|███▎      | 4/12 00:00
      19/99      6.41G    0.04991     0.0326     0.0224        274        640:  33%|███▎      | 4/12 00:00
      19/99      6.41G    0.04991     0.0326     0.0224        274        640:  50%|█████     | 6/12 00:00
      19/99      6.41G    0.04918    0.03258    0.02231        269        640:  50%|█████     | 6/12 00:00
      19/99      6.41G    0.04855    0.03293    0.02227        323        640:  50%|█████     | 6/12 00:00
      19/99      6.41G    0.04855    0.03293    0.02227        323        640:  67%|██████▋   | 8/12 00:00
      19/99      6.41G     0.0482    0.03256    0.02203        245        640:  67%|██████▋   | 8/12 00:00
      19/99      6.41G    0.04837    0.03266     0.0221        298        640:  67%|██████▋   | 8/12 00:00
      19/99      6.41G    0.04837    0.03266     0.0221        298        640:  83%|████████▎ | 10/12 00:00
      19/99      6.41G    0.04827    0.03318    0.02205        353        640:  83%|████████▎ | 10/12 00:01
      19/99      6.41G    0.04797    0.03311    0.02212        171        640:  83%|████████▎ | 10/12 00:01
      19/99      6.41G    0.04797    0.03311    0.02212        171        640: 100%|██████████| 12/12 00:01
      19/99      6.41G    0.04797    0.03311    0.02212        171        640: 100%|██████████| 12/12 00:01

                 Class     Images  Instances          P          R      mAP50   mAP50-95:   0%|          | 0/1 00:00
                 Class     Images  Instances          P          R      mAP50   mAP50-95: 100%|██████████| 1/1 00:00
                   all         17         71       0.76      0.861      0.942      0.485

      Epoch    GPU_mem   box_loss   obj_loss   cls_loss  Instances       Size

  0%|          | 0/12 00:00
      20/99      6.41G    0.04536      0.033    0.02089        282        640:   0%|          | 0/12 00:00
      20/99      6.41G    0.04588    0.03579     0.0204        347        640:   0%|          | 0/12 00:00
      20/99      6.41G    0.04588    0.03579     0.0204        347        640:  17%|█▋        | 2/12 00:00
      20/99      6.41G    0.04814     0.0333    0.02055        232        640:  17%|█▋        | 2/12 00:00
      20/99      6.41G     0.0485    0.03336    0.02078        305        640:  17%|█▋        | 2/12 00:00
      20/99      6.41G     0.0485    0.03336    0.02078        305        640:  33%|███▎      | 4/12 00:00
      20/99      6.41G     0.0481    0.03313    0.02072        279        640:  33%|███▎      | 4/12 00:00
      20/99      6.41G    0.04745    0.03217    0.02046        235        640:  33%|███▎      | 4/12 00:00
      20/99      6.41G    0.04745    0.03217    0.02046        235        640:  50%|█████     | 6/12 00:00
      20/99      6.41G    0.04761    0.03287    0.02036        345        640:  50%|█████     | 6/12 00:00
      20/99      6.41G    0.04813    0.03297    0.02054        289        640:  50%|█████     | 6/12 00:00
      20/99      6.41G    0.04813    0.03297    0.02054        289        640:  67%|██████▋   | 8/12 00:00
      20/99      6.41G    0.04773    0.03304    0.02042        298        640:  67%|██████▋   | 8/12 00:00
      20/99      6.41G    0.04737    0.03336     0.0205        320        640:  67%|██████▋   | 8/12 00:01
      20/99      6.41G    0.04737    0.03336     0.0205        320        640:  83%|████████▎ | 10/12 00:01
      20/99      6.41G    0.04742    0.03318    0.02043        254        640:  83%|████████▎ | 10/12 00:01
      20/99      6.41G    0.04764     0.0326    0.02027        123        640:  83%|████████▎ | 10/12 00:01
      20/99      6.41G    0.04764     0.0326    0.02027        123        640: 100%|██████████| 12/12 00:01
      20/99      6.41G    0.04764     0.0326    0.02027        123        640: 100%|██████████| 12/12 00:01

                 Class     Images  Instances          P          R      mAP50   mAP50-95:   0%|          | 0/1 00:00
                 Class     Images  Instances          P          R      mAP50   mAP50-95: 100%|██████████| 1/1 00:00
                   all         17         71      0.869       0.86      0.916      0.439

      Epoch    GPU_mem   box_loss   obj_loss   cls_loss  Instances       Size

  0%|          | 0/12 00:00
      21/99      6.41G    0.04534    0.03205    0.02097        264        640:   0%|          | 0/12 00:00
      21/99      6.41G    0.04661    0.03299    0.02013        315        640:   0%|          | 0/12 00:00
      21/99      6.41G    0.04661    0.03299    0.02013        315        640:  17%|█▋        | 2/12 00:00
      21/99      6.41G     0.0477    0.03172    0.02003        252        640:  17%|█▋        | 2/12 00:00
      21/99      6.41G    0.04895    0.03114    0.02027        230        640:  17%|█▋        | 2/12 00:00
      21/99      6.41G    0.04895    0.03114    0.02027        230        640:  33%|███▎      | 4/12 00:00
      21/99      6.41G    0.04852    0.03161    0.01978        295        640:  33%|███▎      | 4/12 00:00
      21/99      6.41G    0.04852    0.03161    0.01978        295        640:  42%|████▏     | 5/12 00:00
      21/99      6.41G    0.04836      0.033    0.01948        350        640:  42%|████▏     | 5/12 00:00
      21/99      6.41G    0.04836      0.033    0.01948        350        640:  50%|█████     | 6/12 00:00
      21/99      6.41G    0.04766    0.03276    0.01935        257        640:  50%|█████     | 6/12 00:00
      21/99      6.41G    0.04755    0.03357    0.01938        339        640:  50%|█████     | 6/12 00:00
      21/99      6.41G    0.04755    0.03357    0.01938        339        640:  67%|██████▋   | 8/12 00:00
      21/99      6.41G    0.04733    0.03331    0.01937        262        640:  67%|██████▋   | 8/12 00:00
      21/99      6.41G    0.04708    0.03326    0.01928        269        640:  67%|██████▋   | 8/12 00:01
      21/99      6.41G    0.04708    0.03326    0.01928        269        640:  83%|████████▎ | 10/12 00:01
      21/99      6.41G     0.0467    0.03332     0.0193        294        640:  83%|████████▎ | 10/12 00:01
      21/99      6.41G    0.04651    0.03379    0.01934        210        640:  83%|████████▎ | 10/12 00:01
      21/99      6.41G    0.04651    0.03379    0.01934        210        640: 100%|██████████| 12/12 00:01
      21/99      6.41G    0.04651    0.03379    0.01934        210        640: 100%|██████████| 12/12 00:01

                 Class     Images  Instances          P          R      mAP50   mAP50-95:   0%|          | 0/1 00:00
                 Class     Images  Instances          P          R      mAP50   mAP50-95: 100%|██████████| 1/1 00:00
                   all         17         71      0.836      0.924      0.964      0.461

      Epoch    GPU_mem   box_loss   obj_loss   cls_loss  Instances       Size

  0%|          | 0/12 00:00
      22/99      6.41G    0.04908    0.03559    0.01837        329        640:   0%|          | 0/12 00:00
      22/99      6.41G     0.0485    0.03714    0.01846        351        640:   0%|          | 0/12 00:00
      22/99      6.41G     0.0485    0.03714    0.01846        351        640:  17%|█▋        | 2/12 00:00
      22/99      6.41G    0.04755     0.0345    0.01855        251        640:  17%|█▋        | 2/12 00:00
      22/99      6.41G    0.04641    0.03382    0.01879        278        640:  17%|█▋        | 2/12 00:00
      22/99      6.41G    0.04641    0.03382    0.01879        278        640:  33%|███▎      | 4/12 00:00
      22/99      6.41G    0.04567    0.03324    0.01822        280        640:  33%|███▎      | 4/12 00:00
      22/99      6.41G    0.04578    0.03408    0.01798        327        640:  33%|███▎      | 4/12 00:00
      22/99      6.41G    0.04578    0.03408    0.01798        327        640:  50%|█████     | 6/12 00:00
      22/99      6.41G    0.04569    0.03429    0.01798        281        640:  50%|█████     | 6/12 00:00
      22/99      6.41G    0.04555    0.03467    0.01786        343        640:  50%|█████     | 6/12 00:00
      22/99      6.41G    0.04555    0.03467    0.01786        343        640:  67%|██████▋   | 8/12 00:00
      22/99      6.41G    0.04532    0.03396    0.01782        251        640:  67%|██████▋   | 8/12 00:00
      22/99      6.41G    0.04525    0.03407    0.01774        325        640:  67%|██████▋   | 8/12 00:01
      22/99      6.41G    0.04525    0.03407    0.01774        325        640:  83%|████████▎ | 10/12 00:01
      22/99      6.41G    0.04561    0.03309    0.01774        177        640:  83%|████████▎ | 10/12 00:01
      22/99      6.41G    0.04587    0.03331    0.01766        185        640:  83%|████████▎ | 10/12 00:01
      22/99      6.41G    0.04587    0.03331    0.01766        185        640: 100%|██████████| 12/12 00:01
      22/99      6.41G    0.04587    0.03331    0.01766        185        640: 100%|██████████| 12/12 00:01

                 Class     Images  Instances          P          R      mAP50   mAP50-95:   0%|          | 0/1 00:00
                 Class     Images  Instances          P          R      mAP50   mAP50-95: 100%|██████████| 1/1 00:00
                   all         17         71      0.808      0.953      0.979      0.567

      Epoch    GPU_mem   box_loss   obj_loss   cls_loss  Instances       Size

  0%|          | 0/12 00:00
      23/99      6.41G    0.04638     0.0285    0.01593        265        640:   0%|          | 0/12 00:00
      23/99      6.41G    0.04482    0.03046    0.01619        273        640:   0%|          | 0/12 00:00
      23/99      6.41G    0.04482    0.03046    0.01619        273        640:  17%|█▋        | 2/12 00:00
      23/99      6.41G    0.04542     0.0325    0.01691        320        640:  17%|█▋        | 2/12 00:00
      23/99      6.41G    0.04542    0.03158    0.01682        243        640:  17%|█▋        | 2/12 00:00
      23/99      6.41G    0.04542    0.03158    0.01682        243        640:  33%|███▎      | 4/12 00:00
      23/99      6.41G    0.04526     0.0315    0.01696        286        640:  33%|███▎      | 4/12 00:00
      23/99      6.41G    0.04487    0.03181    0.01702        292        640:  33%|███▎      | 4/12 00:00
      23/99      6.41G    0.04487    0.03181    0.01702        292        640:  50%|█████     | 6/12 00:00
      23/99      6.41G    0.04483    0.03213    0.01703        313        640:  50%|█████     | 6/12 00:00
      23/99      6.41G     0.0449    0.03203    0.01716        272        640:  50%|█████     | 6/12 00:00
      23/99      6.41G     0.0449    0.03203    0.01716        272        640:  67%|██████▋   | 8/12 00:00
      23/99      6.41G    0.04515    0.03215    0.01707        289        640:  67%|██████▋   | 8/12 00:00
      23/99      6.41G    0.04534    0.03309    0.01694        377        640:  67%|██████▋   | 8/12 00:01
      23/99      6.41G    0.04534    0.03309    0.01694        377        640:  83%|████████▎ | 10/12 00:01
      23/99      6.41G     0.0451    0.03303    0.01692        306        640:  83%|████████▎ | 10/12 00:01
      23/99      6.41G    0.04492    0.03372    0.01695        222        640:  83%|████████▎ | 10/12 00:01
      23/99      6.41G    0.04492    0.03372    0.01695        222        640: 100%|██████████| 12/12 00:01
      23/99      6.41G    0.04492    0.03372    0.01695        222        640: 100%|██████████| 12/12 00:01

                 Class     Images  Instances          P          R      mAP50   mAP50-95:   0%|          | 0/1 00:00
                 Class     Images  Instances          P          R      mAP50   mAP50-95: 100%|██████████| 1/1 00:00
                   all         17         71      0.837      0.968      0.971      0.503

      Epoch    GPU_mem   box_loss   obj_loss   cls_loss  Instances       Size

  0%|          | 0/12 00:00
      24/99      6.41G    0.04629    0.03177    0.01545        267        640:   0%|          | 0/12 00:00
      24/99      6.41G    0.04615    0.03175    0.01606        264        640:   0%|          | 0/12 00:00
      24/99      6.41G    0.04615    0.03175    0.01606        264        640:  17%|█▋        | 2/12 00:00
      24/99      6.41G    0.04451    0.03102    0.01638        255        640:  17%|█▋        | 2/12 00:00
      24/99      6.41G    0.04519    0.03023    0.01649        224        640:  17%|█▋        | 2/12 00:00
      24/99      6.41G    0.04519    0.03023    0.01649        224        640:  33%|███▎      | 4/12 00:00
      24/99      6.41G    0.04541    0.03126    0.01647        343        640:  33%|███▎      | 4/12 00:00
      24/99      6.41G     0.0454    0.03135    0.01647        303        640:  33%|███▎      | 4/12 00:00
      24/99      6.41G     0.0454    0.03135    0.01647        303        640:  50%|█████     | 6/12 00:00
      24/99      6.41G    0.04527    0.03142     0.0163        257        640:  50%|█████     | 6/12 00:00
      24/99      6.41G    0.04502    0.03134    0.01611        268        640:  50%|█████     | 6/12 00:00
      24/99      6.41G    0.04502    0.03134    0.01611        268        640:  67%|██████▋   | 8/12 00:00
      24/99      6.41G    0.04484     0.0313    0.01603        281        640:  67%|██████▋   | 8/12 00:00
      24/99      6.41G    0.04461    0.03155    0.01584        297        640:  67%|██████▋   | 8/12 00:00
      24/99      6.41G    0.04461    0.03155    0.01584        297        640:  83%|████████▎ | 10/12 00:00
      24/99      6.41G     0.0448    0.03197    0.01577        337        640:  83%|████████▎ | 10/12 00:01
      24/99      6.41G    0.04493    0.03199    0.01584        177        640:  83%|████████▎ | 10/12 00:01
      24/99      6.41G    0.04493    0.03199    0.01584        177        640: 100%|██████████| 12/12 00:01
      24/99      6.41G    0.04493    0.03199    0.01584        177        640: 100%|██████████| 12/12 00:01

                 Class     Images  Instances          P          R      mAP50   mAP50-95:   0%|          | 0/1 00:00
                 Class     Images  Instances          P          R      mAP50   mAP50-95: 100%|██████████| 1/1 00:00
                   all         17         71      0.916      0.944      0.969      0.573

      Epoch    GPU_mem   box_loss   obj_loss   cls_loss  Instances       Size

  0%|          | 0/12 00:00
      25/99      6.41G    0.04266    0.03042    0.01705        272        640:   0%|          | 0/12 00:00
      25/99      6.41G    0.04192    0.03298    0.01614        324        640:   0%|          | 0/12 00:00
      25/99      6.41G    0.04192    0.03298    0.01614        324        640:  17%|█▋        | 2/12 00:00
      25/99      6.41G     0.0425    0.03485    0.01571        384        640:  17%|█▋        | 2/12 00:00
      25/99      6.41G    0.04306    0.03407    0.01563        282        640:  17%|█▋        | 2/12 00:00
      25/99      6.41G    0.04306    0.03407    0.01563        282        640:  33%|███▎      | 4/12 00:00
      25/99      6.41G    0.04243    0.03398    0.01556        299        640:  33%|███▎      | 4/12 00:00
      25/99      6.41G    0.04205    0.03304    0.01541        248        640:  33%|███▎      | 4/12 00:00
      25/99      6.41G    0.04205    0.03304    0.01541        248        640:  50%|█████     | 6/12 00:00
      25/99      6.41G    0.04211    0.03299    0.01527        297        640:  50%|█████     | 6/12 00:00
      25/99      6.41G    0.04221    0.03307    0.01517        323        640:  50%|█████     | 6/12 00:00
      25/99      6.41G    0.04221    0.03307    0.01517        323        640:  67%|██████▋   | 8/12 00:00
      25/99      6.41G    0.04236    0.03305    0.01503        290        640:  67%|██████▋   | 8/12 00:00
      25/99      6.41G     0.0424    0.03264    0.01495        246        640:  67%|██████▋   | 8/12 00:00
      25/99      6.41G     0.0424    0.03264    0.01495        246        640:  83%|████████▎ | 10/12 00:00
      25/99      6.41G    0.04227    0.03257    0.01491        297        640:  83%|████████▎ | 10/12 00:01
      25/99      6.41G    0.04234    0.03233    0.01484        153        640:  83%|████████▎ | 10/12 00:01
      25/99      6.41G    0.04234    0.03233    0.01484        153        640: 100%|██████████| 12/12 00:01
      25/99      6.41G    0.04234    0.03233    0.01484        153        640: 100%|██████████| 12/12 00:01

                 Class     Images  Instances          P          R      mAP50   mAP50-95:   0%|          | 0/1 00:00
                 Class     Images  Instances          P          R      mAP50   mAP50-95: 100%|██████████| 1/1 00:00
                   all         17         71      0.958      0.972      0.995      0.518

      Epoch    GPU_mem   box_loss   obj_loss   cls_loss  Instances       Size

  0%|          | 0/12 00:00
      26/99      6.41G    0.04804    0.03608    0.01366        325        640:   0%|          | 0/12 00:00
      26/99      6.41G    0.04711    0.03344     0.0139        279        640:   0%|          | 0/12 00:00
      26/99      6.41G    0.04711    0.03344     0.0139        279        640:  17%|█▋        | 2/12 00:00
      26/99      6.41G    0.04547    0.03516    0.01376        342        640:  17%|█▋        | 2/12 00:00
      26/99      6.41G    0.04459     0.0343    0.01393        295        640:  17%|█▋        | 2/12 00:00
      26/99      6.41G    0.04459     0.0343    0.01393        295        640:  33%|███▎      | 4/12 00:00
      26/99      6.41G    0.04401    0.03382    0.01381        269        640:  33%|███▎      | 4/12 00:00
      26/99      6.41G    0.04417    0.03421    0.01375        337        640:  33%|███▎      | 4/12 00:00
      26/99      6.41G    0.04417    0.03421    0.01375        337        640:  50%|█████     | 6/12 00:00
      26/99      6.41G    0.04428    0.03405    0.01357        304        640:  50%|█████     | 6/12 00:00
      26/99      6.41G    0.04422    0.03401    0.01353        311        640:  50%|█████     | 6/12 00:00
      26/99      6.41G    0.04422    0.03401    0.01353        311        640:  67%|██████▋   | 8/12 00:00
      26/99      6.41G    0.04391    0.03364    0.01346        282        640:  67%|██████▋   | 8/12 00:00
      26/99      6.41G      0.044    0.03332    0.01344        292        640:  67%|██████▋   | 8/12 00:01
      26/99      6.41G      0.044    0.03332    0.01344        292        640:  83%|████████▎ | 10/12 00:01
      26/99      6.41G    0.04404    0.03335    0.01345        324        640:  83%|████████▎ | 10/12 00:01
      26/99      6.41G     0.0442    0.03301    0.01344        157        640:  83%|████████▎ | 10/12 00:01
      26/99      6.41G     0.0442    0.03301    0.01344        157        640: 100%|██████████| 12/12 00:01
      26/99      6.41G     0.0442    0.03301    0.01344        157        640: 100%|██████████| 12/12 00:01

                 Class     Images  Instances          P          R      mAP50   mAP50-95:   0%|          | 0/1 00:00
                 Class     Images  Instances          P          R      mAP50   mAP50-95: 100%|██████████| 1/1 00:00
                   all         17         71      0.906      0.967      0.967      0.547

      Epoch    GPU_mem   box_loss   obj_loss   cls_loss  Instances       Size

  0%|          | 0/12 00:00
      27/99      6.41G    0.04144    0.03177     0.0132        283        640:   0%|          | 0/12 00:00
      27/99      6.41G    0.04045    0.03028    0.01265        230        640:   0%|          | 0/12 00:00
      27/99      6.41G    0.04045    0.03028    0.01265        230        640:  17%|█▋        | 2/12 00:00
      27/99      6.41G     0.0413    0.03065    0.01244        288        640:  17%|█▋        | 2/12 00:00
      27/99      6.41G    0.04252    0.03099     0.0126        282        640:  17%|█▋        | 2/12 00:00
      27/99      6.41G    0.04252    0.03099     0.0126        282        640:  33%|███▎      | 4/12 00:00
      27/99      6.41G     0.0425    0.03068    0.01277        250        640:  33%|███▎      | 4/12 00:00
      27/99      6.41G    0.04241    0.03059    0.01275        266        640:  33%|███▎      | 4/12 00:00
      27/99      6.41G    0.04241    0.03059    0.01275        266        640:  50%|█████     | 6/12 00:00
      27/99      6.41G    0.04277    0.03062    0.01263        266        640:  50%|█████     | 6/12 00:00
      27/99      6.41G    0.04259    0.03141    0.01255        351        640:  50%|█████     | 6/12 00:00
      27/99      6.41G    0.04259    0.03141    0.01255        351        640:  67%|██████▋   | 8/12 00:00
      27/99      6.41G    0.04281    0.03153    0.01241        300        640:  67%|██████▋   | 8/12 00:00
      27/99      6.41G    0.04278    0.03131    0.01238        257        640:  67%|██████▋   | 8/12 00:01
      27/99      6.41G    0.04278    0.03131    0.01238        257        640:  83%|████████▎ | 10/12 00:01
      27/99      6.41G     0.0429    0.03122    0.01233        276        640:  83%|████████▎ | 10/12 00:01
      27/99      6.41G    0.04261    0.03119    0.01223        166        640:  83%|████████▎ | 10/12 00:01
      27/99      6.41G    0.04261    0.03119    0.01223        166        640: 100%|██████████| 12/12 00:01
      27/99      6.41G    0.04261    0.03119    0.01223        166        640: 100%|██████████| 12/12 00:01

                 Class     Images  Instances          P          R      mAP50   mAP50-95:   0%|          | 0/1 00:00
                 Class     Images  Instances          P          R      mAP50   mAP50-95: 100%|██████████| 1/1 00:00
                   all         17         71      0.887      0.984      0.964      0.518

      Epoch    GPU_mem   box_loss   obj_loss   cls_loss  Instances       Size

  0%|          | 0/12 00:00
      28/99      6.41G    0.04336     0.0299    0.01129        264        640:   0%|          | 0/12 00:00
      28/99      6.41G    0.04443     0.0302    0.01165        282        640:   0%|          | 0/12 00:00
      28/99      6.41G    0.04443     0.0302    0.01165        282        640:  17%|█▋        | 2/12 00:00
      28/99      6.41G    0.04388    0.03129    0.01264        321        640:  17%|█▋        | 2/12 00:00
      28/99      6.41G    0.04288    0.03137    0.01238        303        640:  17%|█▋        | 2/12 00:00
      28/99      6.41G    0.04288    0.03137    0.01238        303        640:  33%|███▎      | 4/12 00:00
      28/99      6.41G    0.04334    0.03231    0.01228        342        640:  33%|███▎      | 4/12 00:00
      28/99      6.41G    0.04326    0.03167    0.01218        240        640:  33%|███▎      | 4/12 00:00
      28/99      6.41G    0.04326    0.03167    0.01218        240        640:  50%|█████     | 6/12 00:00
      28/99      6.41G    0.04282    0.03133    0.01193        294        640:  50%|█████     | 6/12 00:00
      28/99      6.41G    0.04294     0.0328    0.01209        400        640:  50%|█████     | 6/12 00:00
      28/99      6.41G    0.04294     0.0328    0.01209        400        640:  67%|██████▋   | 8/12 00:00
      28/99      6.41G     0.0427    0.03241    0.01197        279        640:  67%|██████▋   | 8/12 00:00
      28/99      6.41G    0.04253    0.03253    0.01183        316        640:  67%|██████▋   | 8/12 00:01
      28/99      6.41G    0.04253    0.03253    0.01183        316        640:  83%|████████▎ | 10/12 00:01
      28/99      6.41G    0.04271    0.03264    0.01182        305        640:  83%|████████▎ | 10/12 00:01
      28/99      6.41G    0.04268    0.03279     0.0118        202        640:  83%|████████▎ | 10/12 00:01
      28/99      6.41G    0.04268    0.03279     0.0118        202        640: 100%|██████████| 12/12 00:01
      28/99      6.41G    0.04268    0.03279     0.0118        202        640: 100%|██████████| 12/12 00:01

                 Class     Images  Instances          P          R      mAP50   mAP50-95:   0%|          | 0/1 00:00
                 Class     Images  Instances          P          R      mAP50   mAP50-95: 100%|██████████| 1/1 00:00
                   all         17         71      0.974      0.984      0.995      0.611

      Epoch    GPU_mem   box_loss   obj_loss   cls_loss  Instances       Size

  0%|          | 0/12 00:00
      29/99      6.41G    0.04158    0.03418    0.01355        315        640:   0%|          | 0/12 00:00
      29/99      6.41G     0.0407    0.03356    0.01198        303        640:   0%|          | 0/12 00:00
      29/99      6.41G     0.0407    0.03356    0.01198        303        640:  17%|█▋        | 2/12 00:00
      29/99      6.41G    0.04257    0.03264    0.01176        258        640:  17%|█▋        | 2/12 00:00
      29/99      6.41G    0.04287    0.03248    0.01163        297        640:  17%|█▋        | 2/12 00:00
      29/99      6.41G    0.04287    0.03248    0.01163        297        640:  33%|███▎      | 4/12 00:00
      29/99      6.41G    0.04258     0.0321    0.01138        298        640:  33%|███▎      | 4/12 00:00
      29/99      6.41G     0.0424    0.03234    0.01136        318        640:  33%|███▎      | 4/12 00:00
      29/99      6.41G     0.0424    0.03234    0.01136        318        640:  50%|█████     | 6/12 00:00
      29/99      6.41G    0.04242    0.03226    0.01125        310        640:  50%|█████     | 6/12 00:00
      29/99      6.41G     0.0428    0.03199    0.01121        259        640:  50%|█████     | 6/12 00:00
      29/99      6.41G     0.0428    0.03199    0.01121        259        640:  67%|██████▋   | 8/12 00:00
      29/99      6.41G    0.04258     0.0317    0.01104        238        640:  67%|██████▋   | 8/12 00:00
      29/99      6.41G    0.04242    0.03167    0.01102        279        640:  67%|██████▋   | 8/12 00:00
      29/99      6.41G    0.04242    0.03167    0.01102        279        640:  83%|████████▎ | 10/12 00:00
      29/99      6.41G    0.04272    0.03159    0.01093        265        640:  83%|████████▎ | 10/12 00:01
      29/99      6.41G     0.0427    0.03151    0.01088        170        640:  83%|████████▎ | 10/12 00:01
      29/99      6.41G     0.0427    0.03151    0.01088        170        640: 100%|██████████| 12/12 00:01
      29/99      6.41G     0.0427    0.03151    0.01088        170        640: 100%|██████████| 12/12 00:01

                 Class     Images  Instances          P          R      mAP50   mAP50-95:   0%|          | 0/1 00:00
                 Class     Images  Instances          P          R      mAP50   mAP50-95: 100%|██████████| 1/1 00:00
                   all         17         71      0.951      0.962      0.959      0.567

      Epoch    GPU_mem   box_loss   obj_loss   cls_loss  Instances       Size

  0%|          | 0/12 00:00
      30/99      6.41G     0.0449    0.03559    0.01134        344        640:   0%|          | 0/12 00:00
      30/99      6.41G    0.04378     0.0312    0.01076        258        640:   0%|          | 0/12 00:00
      30/99      6.41G    0.04378     0.0312    0.01076        258        640:  17%|█▋        | 2/12 00:00
      30/99      6.41G    0.04246    0.03118    0.01004        299        640:  17%|█▋        | 2/12 00:00
      30/99      6.41G    0.04218    0.03026   0.009837        248        640:  17%|█▋        | 2/12 00:00
      30/99      6.41G    0.04218    0.03026   0.009837        248        640:  33%|███▎      | 4/12 00:00
      30/99      6.41G    0.04168    0.02959   0.009778        243        640:  33%|███▎      | 4/12 00:00
      30/99      6.41G     0.0415    0.03018   0.009835        279        640:  33%|███▎      | 4/12 00:00
      30/99      6.41G     0.0415    0.03018   0.009835        279        640:  50%|█████     | 6/12 00:00
      30/99      6.41G    0.04127    0.03031   0.009976        279        640:  50%|█████     | 6/12 00:00
      30/99      6.41G    0.04113     0.0304    0.01009        283        640:  50%|█████     | 6/12 00:00
      30/99      6.41G    0.04113     0.0304    0.01009        283        640:  67%|██████▋   | 8/12 00:00
      30/99      6.41G    0.04132    0.03061    0.01008        302        640:  67%|██████▋   | 8/12 00:00
      30/99      6.41G    0.04138    0.03057    0.01021        267        640:  67%|██████▋   | 8/12 00:00
      30/99      6.41G    0.04138    0.03057    0.01021        267        640:  83%|████████▎ | 10/12 00:00
      30/99      6.41G    0.04113    0.03061    0.01018        289        640:  83%|████████▎ | 10/12 00:01
      30/99      6.41G    0.04097    0.03064    0.01009        165        640:  83%|████████▎ | 10/12 00:01
      30/99      6.41G    0.04097    0.03064    0.01009        165        640: 100%|██████████| 12/12 00:01
      30/99      6.41G    0.04097    0.03064    0.01009        165        640: 100%|██████████| 12/12 00:01

                 Class     Images  Instances          P          R      mAP50   mAP50-95:   0%|          | 0/1 00:00
                 Class     Images  Instances          P          R      mAP50   mAP50-95: 100%|██████████| 1/1 00:00
                   all         17         71      0.955      0.986      0.972      0.532

      Epoch    GPU_mem   box_loss   obj_loss   cls_loss  Instances       Size

  0%|          | 0/12 00:00
      31/99      6.41G    0.04254    0.02725    0.01048        232        640:   0%|          | 0/12 00:00
      31/99      6.41G    0.04248    0.02952    0.01007        290        640:   0%|          | 0/12 00:00
      31/99      6.41G    0.04248    0.02952    0.01007        290        640:  17%|█▋        | 2/12 00:00
      31/99      6.41G    0.04067    0.02925   0.009715        280        640:  17%|█▋        | 2/12 00:00
      31/99      6.41G    0.04032    0.02931   0.009322        259        640:  17%|█▋        | 2/12 00:00
      31/99      6.41G    0.04032    0.02931   0.009322        259        640:  33%|███▎      | 4/12 00:00
      31/99      6.41G    0.04105    0.03017   0.009414        317        640:  33%|███▎      | 4/12 00:00
      31/99      6.41G    0.04135    0.03005   0.009473        267        640:  33%|███▎      | 4/12 00:00
      31/99      6.41G    0.04135    0.03005   0.009473        267        640:  50%|█████     | 6/12 00:00
      31/99      6.41G    0.04086    0.03055   0.009419        332        640:  50%|█████     | 6/12 00:00
      31/99      6.41G    0.04104    0.03071   0.009598        279        640:  50%|█████     | 6/12 00:00
      31/99      6.41G    0.04104    0.03071   0.009598        279        640:  67%|██████▋   | 8/12 00:00
      31/99      6.41G    0.04099    0.03046   0.009593        241        640:  67%|██████▋   | 8/12 00:00
      31/99      6.41G    0.04096    0.03054   0.009513        287        640:  67%|██████▋   | 8/12 00:00
      31/99      6.41G    0.04096    0.03054   0.009513        287        640:  83%|████████▎ | 10/12 00:00
      31/99      6.41G    0.04121    0.03042    0.00954        250        640:  83%|████████▎ | 10/12 00:01
      31/99      6.41G    0.04128    0.03066    0.00948        197        640:  83%|████████▎ | 10/12 00:01
      31/99      6.41G    0.04128    0.03066    0.00948        197        640: 100%|██████████| 12/12 00:01
      31/99      6.41G    0.04128    0.03066    0.00948        197        640: 100%|██████████| 12/12 00:01

                 Class     Images  Instances          P          R      mAP50   mAP50-95:   0%|          | 0/1 00:00
                 Class     Images  Instances          P          R      mAP50   mAP50-95: 100%|██████████| 1/1 00:00
                   all         17         71      0.971      0.975      0.975      0.606

      Epoch    GPU_mem   box_loss   obj_loss   cls_loss  Instances       Size

  0%|          | 0/12 00:00
      32/99      6.41G     0.0395    0.02856   0.009729        280        640:   0%|          | 0/12 00:00
      32/99      6.41G    0.03814    0.02741    0.00909        220        640:   0%|          | 0/12 00:00
      32/99      6.41G    0.03814    0.02741    0.00909        220        640:  17%|█▋        | 2/12 00:00
      32/99      6.41G    0.03992    0.03099   0.009313        345        640:  17%|█▋        | 2/12 00:00
      32/99      6.41G    0.04097     0.0315   0.009026        300        640:  17%|█▋        | 2/12 00:00
      32/99      6.41G    0.04097     0.0315   0.009026        300        640:  33%|███▎      | 4/12 00:00
      32/99      6.41G    0.04104     0.0321   0.009023        322        640:  33%|███▎      | 4/12 00:00
      32/99      6.41G    0.04091    0.03272    0.00897        351        640:  33%|███▎      | 4/12 00:00
      32/99      6.41G    0.04091    0.03272    0.00897        351        640:  50%|█████     | 6/12 00:00
      32/99      6.41G    0.04125    0.03196   0.008999        236        640:  50%|█████     | 6/12 00:00
      32/99      6.41G    0.04145    0.03207   0.008898        300        640:  50%|█████     | 6/12 00:00
      32/99      6.41G    0.04145    0.03207   0.008898        300        640:  67%|██████▋   | 8/12 00:00
      32/99      6.41G    0.04083     0.0316   0.008894        239        640:  67%|██████▋   | 8/12 00:00
      32/99      6.41G    0.04064    0.03171   0.008961        292        640:  67%|██████▋   | 8/12 00:00
      32/99      6.41G    0.04064    0.03171   0.008961        292        640:  83%|████████▎ | 10/12 00:00
      32/99      6.41G    0.04052    0.03223   0.008857        338        640:  83%|████████▎ | 10/12 00:01
      32/99      6.41G    0.04037    0.03195   0.008772        163        640:  83%|████████▎ | 10/12 00:01
      32/99      6.41G    0.04037    0.03195   0.008772        163        640: 100%|██████████| 12/12 00:01
      32/99      6.41G    0.04037    0.03195   0.008772        163        640: 100%|██████████| 12/12 00:01

                 Class     Images  Instances          P          R      mAP50   mAP50-95:   0%|          | 0/1 00:00
                 Class     Images  Instances          P          R      mAP50   mAP50-95: 100%|██████████| 1/1 00:00
                   all         17         71      0.964      0.985      0.983      0.564

      Epoch    GPU_mem   box_loss   obj_loss   cls_loss  Instances       Size

  0%|          | 0/12 00:00
      33/99      6.41G    0.04134    0.03409   0.007936        313        640:   0%|          | 0/12 00:00
      33/99      6.41G    0.04311    0.03314   0.008178        312        640:   0%|          | 0/12 00:00
      33/99      6.41G    0.04311    0.03314   0.008178        312        640:  17%|█▋        | 2/12 00:00
      33/99      6.41G    0.04161    0.03426   0.008475        342        640:  17%|█▋        | 2/12 00:00
      33/99      6.41G     0.0414    0.03269   0.008517        224        640:  17%|█▋        | 2/12 00:00
      33/99      6.41G     0.0414    0.03269   0.008517        224        640:  33%|███▎      | 4/12 00:00
      33/99      6.41G    0.04131    0.03244   0.008454        289        640:  33%|███▎      | 4/12 00:00
      33/99      6.41G    0.04093    0.03175   0.008279        256        640:  33%|███▎      | 4/12 00:00
      33/99      6.41G    0.04093    0.03175   0.008279        256        640:  50%|█████     | 6/12 00:00
      33/99      6.41G    0.04109    0.03163   0.008408        284        640:  50%|█████     | 6/12 00:00
      33/99      6.41G    0.04123    0.03149   0.008328        260        640:  50%|█████     | 6/12 00:00
      33/99      6.41G    0.04123    0.03149   0.008328        260        640:  67%|██████▋   | 8/12 00:00
      33/99      6.41G    0.04118    0.03157   0.008421        298        640:  67%|██████▋   | 8/12 00:00
      33/99      6.41G     0.0412    0.03191   0.008323        331        640:  67%|██████▋   | 8/12 00:01
      33/99      6.41G     0.0412    0.03191   0.008323        331        640:  83%|████████▎ | 10/12 00:01
      33/99      6.41G    0.04103    0.03192   0.008308        314        640:  83%|████████▎ | 10/12 00:01
      33/99      6.41G     0.0411    0.03165   0.008224        157        640:  83%|████████▎ | 10/12 00:01
      33/99      6.41G     0.0411    0.03165   0.008224        157        640: 100%|██████████| 12/12 00:01
      33/99      6.41G     0.0411    0.03165   0.008224        157        640: 100%|██████████| 12/12 00:01

                 Class     Images  Instances          P          R      mAP50   mAP50-95:   0%|          | 0/1 00:00
                 Class     Images  Instances          P          R      mAP50   mAP50-95: 100%|██████████| 1/1 00:00
                   all         17         71      0.957      0.986      0.962      0.585

      Epoch    GPU_mem   box_loss   obj_loss   cls_loss  Instances       Size

  0%|          | 0/12 00:00
      34/99      6.41G     0.0406    0.03238   0.007831        316        640:   0%|          | 0/12 00:00
      34/99      6.41G    0.04153    0.03318   0.007697        348        640:   0%|          | 0/12 00:00
      34/99      6.41G    0.04153    0.03318   0.007697        348        640:  17%|█▋        | 2/12 00:00
      34/99      6.41G    0.04192    0.03309   0.008227        324        640:  17%|█▋        | 2/12 00:00
      34/99      6.41G    0.04207    0.03246   0.008282        283        640:  17%|█▋        | 2/12 00:00
      34/99      6.41G    0.04207    0.03246   0.008282        283        640:  33%|███▎      | 4/12 00:00
      34/99      6.41G     0.0409    0.03185   0.008115        256        640:  33%|███▎      | 4/12 00:00
      34/99      6.41G    0.04067    0.03186   0.008072        283        640:  33%|███▎      | 4/12 00:00
      34/99      6.41G    0.04067    0.03186   0.008072        283        640:  50%|█████     | 6/12 00:00
      34/99      6.41G     0.0407     0.0314   0.008498        238        640:  50%|█████     | 6/12 00:00
      34/99      6.41G    0.04052    0.03109   0.008421        280        640:  50%|█████     | 6/12 00:00
      34/99      6.41G    0.04052    0.03109   0.008421        280        640:  67%|██████▋   | 8/12 00:00
      34/99      6.41G    0.04022    0.03073   0.008293        250        640:  67%|██████▋   | 8/12 00:00
      34/99      6.41G    0.04024    0.03113   0.008253        338        640:  67%|██████▋   | 8/12 00:00
      34/99      6.41G    0.04024    0.03113   0.008253        338        640:  83%|████████▎ | 10/12 00:00
      34/99      6.41G    0.04017    0.03134   0.008158        304        640:  83%|████████▎ | 10/12 00:01
      34/99      6.41G    0.04033    0.03145   0.008165        181        640:  83%|████████▎ | 10/12 00:01
      34/99      6.41G    0.04033    0.03145   0.008165        181        640: 100%|██████████| 12/12 00:01
      34/99      6.41G    0.04033    0.03145   0.008165        181        640: 100%|██████████| 12/12 00:01

                 Class     Images  Instances          P          R      mAP50   mAP50-95:   0%|          | 0/1 00:00
                 Class     Images  Instances          P          R      mAP50   mAP50-95: 100%|██████████| 1/1 00:00
                   all         17         71      0.931      0.983      0.962      0.606

      Epoch    GPU_mem   box_loss   obj_loss   cls_loss  Instances       Size

  0%|          | 0/12 00:00
      35/99      6.41G    0.03977    0.03087   0.007809        290        640:   0%|          | 0/12 00:00
      35/99      6.41G    0.03908     0.0327   0.007817        310        640:   0%|          | 0/12 00:00
      35/99      6.41G    0.03908     0.0327   0.007817        310        640:  17%|█▋        | 2/12 00:00
      35/99      6.41G    0.03907    0.03117   0.007767        261        640:  17%|█▋        | 2/12 00:00
      35/99      6.41G    0.03891       0.03   0.007555        231        640:  17%|█▋        | 2/12 00:00
      35/99      6.41G    0.03891       0.03   0.007555        231        640:  33%|███▎      | 4/12 00:00
      35/99      6.41G    0.03958    0.03017   0.007669        306        640:  33%|███▎      | 4/12 00:00
      35/99      6.41G    0.04033    0.03062   0.007517        325        640:  33%|███▎      | 4/12 00:00
      35/99      6.41G    0.04033    0.03062   0.007517        325        640:  50%|█████     | 6/12 00:00
      35/99      6.41G     0.0401    0.03101   0.007601        333        640:  50%|█████     | 6/12 00:00
      35/99      6.41G    0.04012    0.03064   0.007676        253        640:  50%|█████     | 6/12 00:00
      35/99      6.41G    0.04012    0.03064   0.007676        253        640:  67%|██████▋   | 8/12 00:00
      35/99      6.41G    0.04044    0.03082   0.007564        314        640:  67%|██████▋   | 8/12 00:00
      35/99      6.41G     0.0406    0.03163   0.007596        385        640:  67%|██████▋   | 8/12 00:01
      35/99      6.41G     0.0406    0.03163   0.007596        385        640:  83%|████████▎ | 10/12 00:01
      35/99      6.41G    0.04073    0.03149   0.007684        258        640:  83%|████████▎ | 10/12 00:01
      35/99      6.41G    0.04083    0.03174   0.007669        199        640:  83%|████████▎ | 10/12 00:01
      35/99      6.41G    0.04083    0.03174   0.007669        199        640: 100%|██████████| 12/12 00:01
      35/99      6.41G    0.04083    0.03174   0.007669        199        640: 100%|██████████| 12/12 00:01

                 Class     Images  Instances          P          R      mAP50   mAP50-95:   0%|          | 0/1 00:00
                 Class     Images  Instances          P          R      mAP50   mAP50-95: 100%|██████████| 1/1 00:00
                   all         17         71      0.962      0.984      0.971      0.613

      Epoch    GPU_mem   box_loss   obj_loss   cls_loss  Instances       Size

  0%|          | 0/12 00:00
      36/99      6.41G    0.04065     0.0355   0.007465        359        640:   0%|          | 0/12 00:00
      36/99      6.41G     0.0396    0.03383   0.007358        297        640:   0%|          | 0/12 00:00
      36/99      6.41G     0.0396    0.03383   0.007358        297        640:  17%|█▋        | 2/12 00:00
      36/99      6.41G    0.04083     0.0321   0.007078        272        640:  17%|█▋        | 2/12 00:00
      36/99      6.41G    0.04076    0.03199   0.007193        314        640:  17%|█▋        | 2/12 00:00
      36/99      6.41G    0.04076    0.03199   0.007193        314        640:  33%|███▎      | 4/12 00:00
      36/99      6.41G    0.04011    0.03214    0.00715        302        640:  33%|███▎      | 4/12 00:00
      36/99      6.41G    0.03975    0.03266   0.007168        357        640:  33%|███▎      | 4/12 00:00
      36/99      6.41G    0.03975    0.03266   0.007168        357        640:  50%|█████     | 6/12 00:00
      36/99      6.41G    0.04043    0.03185   0.007457        243        640:  50%|█████     | 6/12 00:00
      36/99      6.41G    0.04069    0.03175   0.007395        292        640:  50%|█████     | 6/12 00:00
      36/99      6.41G    0.04069    0.03175   0.007395        292        640:  67%|██████▋   | 8/12 00:00
      36/99      6.41G    0.04018    0.03152   0.007266        283        640:  67%|██████▋   | 8/12 00:00
      36/99      6.41G       0.04    0.03137   0.007146        292        640:  67%|██████▋   | 8/12 00:00
      36/99      6.41G       0.04    0.03137   0.007146        292        640:  83%|████████▎ | 10/12 00:00
      36/99      6.41G    0.03995    0.03094   0.007085        264        640:  83%|████████▎ | 10/12 00:01
      36/99      6.41G    0.04007    0.03059   0.007024        138        640:  83%|████████▎ | 10/12 00:01
      36/99      6.41G    0.04007    0.03059   0.007024        138        640: 100%|██████████| 12/12 00:01
      36/99      6.41G    0.04007    0.03059   0.007024        138        640: 100%|██████████| 12/12 00:01

                 Class     Images  Instances          P          R      mAP50   mAP50-95:   0%|          | 0/1 00:00
                 Class     Images  Instances          P          R      mAP50   mAP50-95: 100%|██████████| 1/1 00:00
                   all         17         71       0.98          1      0.995      0.582

      Epoch    GPU_mem   box_loss   obj_loss   cls_loss  Instances       Size

  0%|          | 0/12 00:00
      37/99      6.41G    0.03811    0.02773   0.006605        266        640:   0%|          | 0/12 00:00
      37/99      6.41G    0.03789    0.02821   0.006474        269        640:   0%|          | 0/12 00:00
      37/99      6.41G    0.03789    0.02821   0.006474        269        640:  17%|█▋        | 2/12 00:00
      37/99      6.41G    0.03902      0.028   0.006385        242        640:  17%|█▋        | 2/12 00:00
      37/99      6.41G    0.03912    0.02954   0.006693        316        640:  17%|█▋        | 2/12 00:00
      37/99      6.41G    0.03912    0.02954   0.006693        316        640:  33%|███▎      | 4/12 00:00
      37/99      6.41G    0.03956    0.02943   0.006706        260        640:  33%|███▎      | 4/12 00:00
      37/99      6.41G    0.03965    0.02958   0.006687        285        640:  33%|███▎      | 4/12 00:00
      37/99      6.41G    0.03965    0.02958   0.006687        285        640:  50%|█████     | 6/12 00:00
      37/99      6.41G    0.03943    0.02955   0.006782        264        640:  50%|█████     | 6/12 00:00
      37/99      6.41G    0.03941    0.02952   0.006847        267        640:  50%|█████     | 6/12 00:00
      37/99      6.41G    0.03941    0.02952   0.006847        267        640:  67%|██████▋   | 8/12 00:00
      37/99      6.41G    0.03979    0.02958   0.006768        310        640:  67%|██████▋   | 8/12 00:00
      37/99      6.41G    0.04003    0.02972   0.006798        303        640:  67%|██████▋   | 8/12 00:00
      37/99      6.41G    0.04003    0.02972   0.006798        303        640:  83%|████████▎ | 10/12 00:00
      37/99      6.41G    0.03975    0.02973   0.006768        306        640:  83%|████████▎ | 10/12 00:01
      37/99      6.41G    0.03966    0.03035   0.006799        228        640:  83%|████████▎ | 10/12 00:01
      37/99      6.41G    0.03966    0.03035   0.006799        228        640: 100%|██████████| 12/12 00:01
      37/99      6.41G    0.03966    0.03035   0.006799        228        640: 100%|██████████| 12/12 00:01

                 Class     Images  Instances          P          R      mAP50   mAP50-95:   0%|          | 0/1 00:00
                 Class     Images  Instances          P          R      mAP50   mAP50-95: 100%|██████████| 1/1 00:00
                   all         17         71      0.985       0.99      0.995      0.634

      Epoch    GPU_mem   box_loss   obj_loss   cls_loss  Instances       Size

  0%|          | 0/12 00:00
      38/99      6.41G    0.03762    0.03164   0.006602        292        640:   0%|          | 0/12 00:00
      38/99      6.41G    0.03772    0.02928   0.006597        258        640:   0%|          | 0/12 00:00
      38/99      6.41G    0.03772    0.02928   0.006597        258        640:  17%|█▋        | 2/12 00:00
      38/99      6.41G    0.03816    0.03073   0.006627        335        640:  17%|█▋        | 2/12 00:00
      38/99      6.41G    0.03881     0.0302   0.006309        244        640:  17%|█▋        | 2/12 00:00
      38/99      6.41G    0.03881     0.0302   0.006309        244        640:  33%|███▎      | 4/12 00:00
      38/99      6.41G    0.03883     0.0303   0.006419        301        640:  33%|███▎      | 4/12 00:00
      38/99      6.41G    0.03902    0.02968   0.006385        248        640:  33%|███▎      | 4/12 00:00
      38/99      6.41G    0.03902    0.02968   0.006385        248        640:  50%|█████     | 6/12 00:00
      38/99      6.41G    0.03888    0.02885   0.006506        213        640:  50%|█████     | 6/12 00:00
      38/99      6.41G    0.03864    0.02923   0.006642        312        640:  50%|█████     | 6/12 00:00
      38/99      6.41G    0.03864    0.02923   0.006642        312        640:  67%|██████▋   | 8/12 00:00
      38/99      6.41G    0.03854    0.02922   0.006569        273        640:  67%|██████▋   | 8/12 00:00
      38/99      6.41G    0.03845    0.02972   0.006675        334        640:  67%|██████▋   | 8/12 00:01
      38/99      6.41G    0.03845    0.02972   0.006675        334        640:  83%|████████▎ | 10/12 00:01
      38/99      6.41G    0.03833    0.02983   0.006704        290        640:  83%|████████▎ | 10/12 00:01
      38/99      6.41G    0.03798    0.02964    0.00656        174        640:  83%|████████▎ | 10/12 00:01
      38/99      6.41G    0.03798    0.02964    0.00656        174        640: 100%|██████████| 12/12 00:01
      38/99      6.41G    0.03798    0.02964    0.00656        174        640: 100%|██████████| 12/12 00:01

                 Class     Images  Instances          P          R      mAP50   mAP50-95:   0%|          | 0/1 00:00
                 Class     Images  Instances          P          R      mAP50   mAP50-95: 100%|██████████| 1/1 00:00
                   all         17         71      0.973      0.986      0.977      0.555

      Epoch    GPU_mem   box_loss   obj_loss   cls_loss  Instances       Size

  0%|          | 0/12 00:00
      39/99      6.41G    0.03702    0.02791   0.005334        263        640:   0%|          | 0/12 00:00
      39/99      6.41G    0.03736    0.03084   0.005968        335        640:   0%|          | 0/12 00:00
      39/99      6.41G    0.03736    0.03084   0.005968        335        640:  17%|█▋        | 2/12 00:00
      39/99      6.41G    0.03748    0.03181   0.006348        347        640:  17%|█▋        | 2/12 00:00
      39/99      6.41G    0.03702    0.03226   0.006313        334        640:  17%|█▋        | 2/12 00:00
      39/99      6.41G    0.03702    0.03226   0.006313        334        640:  33%|███▎      | 4/12 00:00
      39/99      6.41G    0.03749    0.03165   0.006519        283        640:  33%|███▎      | 4/12 00:00
      39/99      6.41G    0.03762    0.03206   0.006838        316        640:  33%|███▎      | 4/12 00:00
      39/99      6.41G    0.03762    0.03206   0.006838        316        640:  50%|█████     | 6/12 00:00
      39/99      6.41G     0.0377    0.03172    0.00688        257        640:  50%|█████     | 6/12 00:00
      39/99      6.41G    0.03743    0.03169   0.006891        325        640:  50%|█████     | 6/12 00:00
      39/99      6.41G    0.03743    0.03169   0.006891        325        640:  67%|██████▋   | 8/12 00:00
      39/99      6.41G    0.03768    0.03173   0.006819        322        640:  67%|██████▋   | 8/12 00:00
      39/99      6.41G    0.03752    0.03198   0.006843        329        640:  67%|██████▋   | 8/12 00:01
      39/99      6.41G    0.03752    0.03198   0.006843        329        640:  83%|████████▎ | 10/12 00:01
      39/99      6.41G    0.03765    0.03162    0.00684        255        640:  83%|████████▎ | 10/12 00:01
      39/99      6.41G    0.03796    0.03203   0.006693        198        640:  83%|████████▎ | 10/12 00:01
      39/99      6.41G    0.03796    0.03203   0.006693        198        640: 100%|██████████| 12/12 00:01
      39/99      6.41G    0.03796    0.03203   0.006693        198        640: 100%|██████████| 12/12 00:01

                 Class     Images  Instances          P          R      mAP50   mAP50-95:   0%|          | 0/1 00:00
                 Class     Images  Instances          P          R      mAP50   mAP50-95: 100%|██████████| 1/1 00:00
                   all         17         71      0.972      0.986      0.974      0.534

      Epoch    GPU_mem   box_loss   obj_loss   cls_loss  Instances       Size

  0%|          | 0/12 00:00
      40/99      6.41G    0.03591    0.02921   0.005807        286        640:   0%|          | 0/12 00:00
      40/99      6.41G    0.03682    0.02969   0.005838        296        640:   0%|          | 0/12 00:00
      40/99      6.41G    0.03682    0.02969   0.005838        296        640:  17%|█▋        | 2/12 00:00
      40/99      6.41G    0.03809    0.03017   0.005872        280        640:  17%|█▋        | 2/12 00:00
      40/99      6.41G    0.03799    0.03037      0.006        311        640:  17%|█▋        | 2/12 00:00
      40/99      6.41G    0.03799    0.03037      0.006        311        640:  33%|███▎      | 4/12 00:00
      40/99      6.41G    0.03787    0.02986   0.005902        259        640:  33%|███▎      | 4/12 00:00
      40/99      6.41G    0.03809    0.02986   0.006101        305        640:  33%|███▎      | 4/12 00:00
      40/99      6.41G    0.03809    0.02986   0.006101        305        640:  50%|█████     | 6/12 00:00
      40/99      6.41G    0.03829    0.03011   0.006017        297        640:  50%|█████     | 6/12 00:00
      40/99      6.41G    0.03885    0.03077   0.006034        340        640:  50%|█████     | 6/12 00:00
      40/99      6.41G    0.03885    0.03077   0.006034        340        640:  67%|██████▋   | 8/12 00:00
      40/99      6.41G    0.03855    0.02997   0.006068        219        640:  67%|██████▋   | 8/12 00:00
      40/99      6.41G    0.03832    0.03012   0.006025        324        640:  67%|██████▋   | 8/12 00:01
      40/99      6.41G    0.03832    0.03012   0.006025        324        640:  83%|████████▎ | 10/12 00:01
      40/99      6.41G     0.0384    0.03006    0.00604        276        640:  83%|████████▎ | 10/12 00:01
      40/99      6.41G    0.03853    0.02953    0.00603        122        640:  83%|████████▎ | 10/12 00:01
      40/99      6.41G    0.03853    0.02953    0.00603        122        640: 100%|██████████| 12/12 00:01
      40/99      6.41G    0.03853    0.02953    0.00603        122        640: 100%|██████████| 12/12 00:01

                 Class     Images  Instances          P          R      mAP50   mAP50-95:   0%|          | 0/1 00:00
                 Class     Images  Instances          P          R      mAP50   mAP50-95: 100%|██████████| 1/1 00:00
                   all         17         71      0.981          1      0.995      0.578

      Epoch    GPU_mem   box_loss   obj_loss   cls_loss  Instances       Size

  0%|          | 0/12 00:00
      41/99      6.41G    0.03586    0.02917    0.00602        262        640:   0%|          | 0/12 00:00
      41/99      6.41G    0.03726    0.02887   0.006085        268        640:   0%|          | 0/12 00:00
      41/99      6.41G    0.03726    0.02887   0.006085        268        640:  17%|█▋        | 2/12 00:00
      41/99      6.41G    0.03697    0.02859   0.006432        280        640:  17%|█▋        | 2/12 00:00
      41/99      6.41G    0.03753    0.02926   0.006249        293        640:  17%|█▋        | 2/12 00:00
      41/99      6.41G    0.03753    0.02926   0.006249        293        640:  33%|███▎      | 4/12 00:00
      41/99      6.41G    0.03721    0.02925   0.006224        272        640:  33%|███▎      | 4/12 00:00
      41/99      6.41G     0.0371    0.02999   0.006269        317        640:  33%|███▎      | 4/12 00:00
      41/99      6.41G     0.0371    0.02999   0.006269        317        640:  50%|█████     | 6/12 00:00
      41/99      6.41G    0.03717    0.03007   0.006385        246        640:  50%|█████     | 6/12 00:00
      41/99      6.41G     0.0372    0.03071   0.006541        330        640:  50%|█████     | 6/12 00:00
      41/99      6.41G     0.0372    0.03071   0.006541        330        640:  67%|██████▋   | 8/12 00:00
      41/99      6.41G     0.0373    0.03076    0.00669        292        640:  67%|██████▋   | 8/12 00:00
      41/99      6.41G    0.03739    0.03096   0.006594        331        640:  67%|██████▋   | 8/12 00:01
      41/99      6.41G    0.03739    0.03096   0.006594        331        640:  83%|████████▎ | 10/12 00:01
      41/99      6.41G    0.03723    0.03116   0.006502        317        640:  83%|████████▎ | 10/12 00:01
      41/99      6.41G     0.0372    0.03119   0.006556        185        640:  83%|████████▎ | 10/12 00:01
      41/99      6.41G     0.0372    0.03119   0.006556        185        640: 100%|██████████| 12/12 00:01
      41/99      6.41G     0.0372    0.03119   0.006556        185        640: 100%|██████████| 12/12 00:01

                 Class     Images  Instances          P          R      mAP50   mAP50-95:   0%|          | 0/1 00:00
                 Class     Images  Instances          P          R      mAP50   mAP50-95: 100%|██████████| 1/1 00:00
                   all         17         71      0.973      0.991      0.995      0.616

      Epoch    GPU_mem   box_loss   obj_loss   cls_loss  Instances       Size

  0%|          | 0/12 00:00
      42/99      6.41G    0.03691    0.02717   0.005559        277        640:   0%|          | 0/12 00:00
      42/99      6.41G    0.03785    0.02963   0.006239        324        640:   0%|          | 0/12 00:00
      42/99      6.41G    0.03785    0.02963   0.006239        324        640:  17%|█▋        | 2/12 00:00
      42/99      6.41G    0.03837    0.02906   0.006665        255        640:  17%|█▋        | 2/12 00:00
      42/99      6.41G    0.03877    0.02917    0.00673        272        640:  17%|█▋        | 2/12 00:00
      42/99      6.41G    0.03877    0.02917    0.00673        272        640:  33%|███▎      | 4/12 00:00
      42/99      6.41G    0.03809    0.02941   0.006689        291        640:  33%|███▎      | 4/12 00:00
      42/99      6.41G    0.03768    0.02842   0.006561        235        640:  33%|███▎      | 4/12 00:00
      42/99      6.41G    0.03768    0.02842   0.006561        235        640:  50%|█████     | 6/12 00:00
      42/99      6.41G    0.03757     0.0287   0.006409        294        640:  50%|█████     | 6/12 00:00
      42/99      6.41G    0.03742    0.02928   0.006375        339        640:  50%|█████     | 6/12 00:00
      42/99      6.41G    0.03742    0.02928   0.006375        339        640:  67%|██████▋   | 8/12 00:00
      42/99      6.41G    0.03757    0.02984   0.006278        353        640:  67%|██████▋   | 8/12 00:00
      42/99      6.41G     0.0376    0.02964   0.006183        262        640:  67%|██████▋   | 8/12 00:00
      42/99      6.41G     0.0376    0.02964   0.006183        262        640:  83%|████████▎ | 10/12 00:00
      42/99      6.41G    0.03776    0.02998   0.006216        308        640:  83%|████████▎ | 10/12 00:01
      42/99      6.41G    0.03797    0.03043   0.006387        220        640:  83%|████████▎ | 10/12 00:01
      42/99      6.41G    0.03797    0.03043   0.006387        220        640: 100%|██████████| 12/12 00:01
      42/99      6.41G    0.03797    0.03043   0.006387        220        640: 100%|██████████| 12/12 00:01

                 Class     Images  Instances          P          R      mAP50   mAP50-95:   0%|          | 0/1 00:00
                 Class     Images  Instances          P          R      mAP50   mAP50-95: 100%|██████████| 1/1 00:00
                   all         17         71      0.983          1      0.995      0.647

      Epoch    GPU_mem   box_loss   obj_loss   cls_loss  Instances       Size

  0%|          | 0/12 00:00
      43/99      6.41G    0.03823    0.03118   0.006168        304        640:   0%|          | 0/12 00:00
      43/99      6.41G    0.03702    0.02913   0.006218        245        640:   0%|          | 0/12 00:00
      43/99      6.41G    0.03702    0.02913   0.006218        245        640:  17%|█▋        | 2/12 00:00
      43/99      6.41G    0.03796    0.02886   0.006118        264        640:  17%|█▋        | 2/12 00:00
      43/99      6.41G    0.03725     0.0298   0.005892        321        640:  17%|█▋        | 2/12 00:00
      43/99      6.41G    0.03725     0.0298   0.005892        321        640:  33%|███▎      | 4/12 00:00
      43/99      6.41G    0.03692    0.02893   0.005747        242        640:  33%|███▎      | 4/12 00:00
      43/99      6.41G    0.03709      0.029   0.005795        280        640:  33%|███▎      | 4/12 00:00
      43/99      6.41G    0.03709      0.029   0.005795        280        640:  50%|█████     | 6/12 00:00
      43/99      6.41G    0.03694    0.02882   0.005707        286        640:  50%|█████     | 6/12 00:00
      43/99      6.41G    0.03668    0.02897   0.005597        301        640:  50%|█████     | 6/12 00:00
      43/99      6.41G    0.03668    0.02897   0.005597        301        640:  67%|██████▋   | 8/12 00:00
      43/99      6.41G    0.03643    0.02859   0.005645        235        640:  67%|██████▋   | 8/12 00:00
      43/99      6.41G    0.03631    0.02809    0.00564        202        640:  67%|██████▋   | 8/12 00:00
      43/99      6.41G    0.03631    0.02809    0.00564        202        640:  83%|████████▎ | 10/12 00:00
      43/99      6.41G    0.03622    0.02843   0.005635        323        640:  83%|████████▎ | 10/12 00:01
      43/99      6.41G    0.03616    0.02841   0.005619        188        640:  83%|████████▎ | 10/12 00:01
      43/99      6.41G    0.03616    0.02841   0.005619        188        640: 100%|██████████| 12/12 00:01
      43/99      6.41G    0.03616    0.02841   0.005619        188        640: 100%|██████████| 12/12 00:01

                 Class     Images  Instances          P          R      mAP50   mAP50-95:   0%|          | 0/1 00:00
                 Class     Images  Instances          P          R      mAP50   mAP50-95: 100%|██████████| 1/1 00:00
                   all         17         71      0.975          1      0.995      0.647

      Epoch    GPU_mem   box_loss   obj_loss   cls_loss  Instances       Size

  0%|          | 0/12 00:00
      44/99      6.41G    0.03709    0.02488    0.00488        207        640:   0%|          | 0/12 00:00
      44/99      6.41G    0.03776    0.02434   0.005216        210        640:   0%|          | 0/12 00:00
      44/99      6.41G    0.03776    0.02434   0.005216        210        640:  17%|█▋        | 2/12 00:00
      44/99      6.41G    0.03732    0.02485   0.005673        244        640:  17%|█▋        | 2/12 00:00
      44/99      6.41G    0.03648    0.02555   0.005907        254        640:  17%|█▋        | 2/12 00:00
      44/99      6.41G    0.03648    0.02555   0.005907        254        640:  33%|███▎      | 4/12 00:00
      44/99      6.41G    0.03597    0.02624    0.00597        294        640:  33%|███▎      | 4/12 00:00
      44/99      6.41G    0.03573    0.02696   0.005922        298        640:  33%|███▎      | 4/12 00:00
      44/99      6.41G    0.03573    0.02696   0.005922        298        640:  50%|█████     | 6/12 00:00
      44/99      6.41G    0.03571    0.02739   0.005763        284        640:  50%|█████     | 6/12 00:00
      44/99      6.41G    0.03544    0.02754    0.00576        267        640:  50%|█████     | 6/12 00:00
      44/99      6.41G    0.03544    0.02754    0.00576        267        640:  67%|██████▋   | 8/12 00:00
      44/99      6.41G    0.03539    0.02767   0.005675        281        640:  67%|██████▋   | 8/12 00:00
      44/99      6.41G    0.03545    0.02775   0.005807        285        640:  67%|██████▋   | 8/12 00:01
      44/99      6.41G    0.03545    0.02775   0.005807        285        640:  83%|████████▎ | 10/12 00:01
      44/99      6.41G    0.03554    0.02812   0.005796        298        640:  83%|████████▎ | 10/12 00:01
      44/99      6.41G    0.03557    0.02797   0.005957        166        640:  83%|████████▎ | 10/12 00:01
      44/99      6.41G    0.03557    0.02797   0.005957        166        640: 100%|██████████| 12/12 00:01
      44/99      6.41G    0.03557    0.02797   0.005957        166        640: 100%|██████████| 12/12 00:01

                 Class     Images  Instances          P          R      mAP50   mAP50-95:   0%|          | 0/1 00:00
                 Class     Images  Instances          P          R      mAP50   mAP50-95: 100%|██████████| 1/1 00:00
                   all         17         71      0.967      0.986      0.976      0.626

      Epoch    GPU_mem   box_loss   obj_loss   cls_loss  Instances       Size

  0%|          | 0/12 00:00
      45/99      6.41G    0.03678     0.0355   0.005755        354        640:   0%|          | 0/12 00:00
      45/99      6.41G    0.03537     0.0341   0.006531        287        640:   0%|          | 0/12 00:00
      45/99      6.41G    0.03537     0.0341   0.006531        287        640:  17%|█▋        | 2/12 00:00
      45/99      6.41G    0.03571    0.03313   0.006392        320        640:  17%|█▋        | 2/12 00:00
      45/99      6.41G     0.0355    0.03268    0.00617        285        640:  17%|█▋        | 2/12 00:00
      45/99      6.41G     0.0355    0.03268    0.00617        285        640:  33%|███▎      | 4/12 00:00
      45/99      6.41G    0.03574    0.03231   0.006197        322        640:  33%|███▎      | 4/12 00:00
      45/99      6.41G    0.03583    0.03208   0.006141        292        640:  33%|███▎      | 4/12 00:00
      45/99      6.41G    0.03583    0.03208   0.006141        292        640:  50%|█████     | 6/12 00:00
      45/99      6.41G     0.0361    0.03197   0.006111        302        640:  50%|█████     | 6/12 00:00
      45/99      6.41G    0.03604    0.03175   0.005968        282        640:  50%|█████     | 6/12 00:00
      45/99      6.41G    0.03604    0.03175   0.005968        282        640:  67%|██████▋   | 8/12 00:00
      45/99      6.41G    0.03588    0.03125   0.005962        255        640:  67%|██████▋   | 8/12 00:00
      45/99      6.41G    0.03621    0.03119   0.006067        311        640:  67%|██████▋   | 8/12 00:01
      45/99      6.41G    0.03621    0.03119   0.006067        311        640:  83%|████████▎ | 10/12 00:01
      45/99      6.41G    0.03625    0.03085   0.006145        242        640:  83%|████████▎ | 10/12 00:01
      45/99      6.41G    0.03621     0.0316   0.006133        244        640:  83%|████████▎ | 10/12 00:01
      45/99      6.41G    0.03621     0.0316   0.006133        244        640: 100%|██████████| 12/12 00:01
      45/99      6.41G    0.03621     0.0316   0.006133        244        640: 100%|██████████| 12/12 00:01

                 Class     Images  Instances          P          R      mAP50   mAP50-95:   0%|          | 0/1 00:00
                 Class     Images  Instances          P          R      mAP50   mAP50-95: 100%|██████████| 1/1 00:00
                   all         17         71      0.973      0.986      0.973      0.583

      Epoch    GPU_mem   box_loss   obj_loss   cls_loss  Instances       Size

  0%|          | 0/12 00:00
      46/99      6.41G    0.03447    0.03203   0.004413        299        640:   0%|          | 0/12 00:00
      46/99      6.41G    0.03559    0.03043   0.005358        277        640:   0%|          | 0/12 00:00
      46/99      6.41G    0.03559    0.03043   0.005358        277        640:  17%|█▋        | 2/12 00:00
      46/99      6.41G    0.03588    0.02925   0.005302        238        640:  17%|█▋        | 2/12 00:00
      46/99      6.41G    0.03597    0.02942   0.005212        290        640:  17%|█▋        | 2/12 00:00
      46/99      6.41G    0.03597    0.02942   0.005212        290        640:  33%|███▎      | 4/12 00:00
      46/99      6.41G     0.0358    0.02846   0.005488        243        640:  33%|███▎      | 4/12 00:00
      46/99      6.41G     0.0359    0.02856   0.005836        263        640:  33%|███▎      | 4/12 00:00
      46/99      6.41G     0.0359    0.02856   0.005836        263        640:  50%|█████     | 6/12 00:00
      46/99      6.41G    0.03579    0.02873   0.005747        293        640:  50%|█████     | 6/12 00:00
      46/99      6.41G    0.03557    0.02941   0.005833        344        640:  50%|█████     | 6/12 00:00
      46/99      6.41G    0.03557    0.02941   0.005833        344        640:  67%|██████▋   | 8/12 00:00
      46/99      6.41G    0.03546    0.02909   0.005719        249        640:  67%|██████▋   | 8/12 00:00
      46/99      6.41G    0.03558    0.02956   0.005695        329        640:  67%|██████▋   | 8/12 00:00
      46/99      6.41G    0.03558    0.02956   0.005695        329        640:  83%|████████▎ | 10/12 00:00
      46/99      6.41G    0.03545    0.03002   0.005597        347        640:  83%|████████▎ | 10/12 00:01
      46/99      6.41G    0.03551    0.03025   0.005568        187        640:  83%|████████▎ | 10/12 00:01
      46/99      6.41G    0.03551    0.03025   0.005568        187        640: 100%|██████████| 12/12 00:01
      46/99      6.41G    0.03551    0.03025   0.005568        187        640: 100%|██████████| 12/12 00:01

                 Class     Images  Instances          P          R      mAP50   mAP50-95:   0%|          | 0/1 00:00
                 Class     Images  Instances          P          R      mAP50   mAP50-95: 100%|██████████| 1/1 00:00
                   all         17         71      0.974      0.995      0.995      0.623

      Epoch    GPU_mem   box_loss   obj_loss   cls_loss  Instances       Size

  0%|          | 0/12 00:00
      47/99      6.41G    0.03627    0.02698   0.005593        253        640:   0%|          | 0/12 00:00
      47/99      6.41G    0.03655    0.02924   0.005112        321        640:   0%|          | 0/12 00:00
      47/99      6.41G    0.03655    0.02924   0.005112        321        640:  17%|█▋        | 2/12 00:00
      47/99      6.41G    0.03646    0.02805    0.00515        233        640:  17%|█▋        | 2/12 00:00
      47/99      6.41G    0.03577    0.02852   0.005098        306        640:  17%|█▋        | 2/12 00:00
      47/99      6.41G    0.03577    0.02852   0.005098        306        640:  33%|███▎      | 4/12 00:00
      47/99      6.41G    0.03564    0.02839   0.005101        266        640:  33%|███▎      | 4/12 00:00
      47/99      6.41G    0.03558    0.02845   0.005059        279        640:  33%|███▎      | 4/12 00:00
      47/99      6.41G    0.03558    0.02845   0.005059        279        640:  50%|█████     | 6/12 00:00
      47/99      6.41G    0.03582    0.02925   0.005267        348        640:  50%|█████     | 6/12 00:00
      47/99      6.41G    0.03599    0.02863   0.005212        220        640:  50%|█████     | 6/12 00:00
      47/99      6.41G    0.03599    0.02863   0.005212        220        640:  67%|██████▋   | 8/12 00:00
      47/99      6.41G    0.03583    0.02882   0.005183        296        640:  67%|██████▋   | 8/12 00:00
      47/99      6.41G    0.03579    0.02928   0.005189        311        640:  67%|██████▋   | 8/12 00:00
      47/99      6.41G    0.03579    0.02928   0.005189        311        640:  83%|████████▎ | 10/12 00:00
      47/99      6.41G     0.0358    0.02902   0.005127        250        640:  83%|████████▎ | 10/12 00:01
      47/99      6.41G    0.03568    0.02892   0.005042        144        640:  83%|████████▎ | 10/12 00:01
      47/99      6.41G    0.03568    0.02892   0.005042        144        640: 100%|██████████| 12/12 00:01
      47/99      6.41G    0.03568    0.02892   0.005042        144        640: 100%|██████████| 12/12 00:01

                 Class     Images  Instances          P          R      mAP50   mAP50-95:   0%|          | 0/1 00:00
                 Class     Images  Instances          P          R      mAP50   mAP50-95: 100%|██████████| 1/1 00:00
                   all         17         71      0.969      0.984       0.98      0.612

      Epoch    GPU_mem   box_loss   obj_loss   cls_loss  Instances       Size

  0%|          | 0/12 00:00
      48/99      6.41G    0.03609    0.02397   0.005814        222        640:   0%|          | 0/12 00:00
      48/99      6.41G     0.0373    0.02827   0.005429        330        640:   0%|          | 0/12 00:00
      48/99      6.41G     0.0373    0.02827   0.005429        330        640:  17%|█▋        | 2/12 00:00
      48/99      6.41G    0.03614    0.02879   0.005345        305        640:  17%|█▋        | 2/12 00:00
      48/99      6.41G     0.0358    0.02871   0.005428        283        640:  17%|█▋        | 2/12 00:00
      48/99      6.41G     0.0358    0.02871   0.005428        283        640:  33%|███▎      | 4/12 00:00
      48/99      6.41G    0.03573    0.02868   0.005324        282        640:  33%|███▎      | 4/12 00:00
      48/99      6.41G    0.03633    0.02938   0.005195        328        640:  33%|███▎      | 4/12 00:00
      48/99      6.41G    0.03633    0.02938   0.005195        328        640:  50%|█████     | 6/12 00:00
      48/99      6.41G    0.03651    0.02964   0.005217        287        640:  50%|█████     | 6/12 00:00
      48/99      6.41G    0.03632    0.02956    0.00531        288        640:  50%|█████     | 6/12 00:00
      48/99      6.41G    0.03632    0.02956    0.00531        288        640:  67%|██████▋   | 8/12 00:00
      48/99      6.41G    0.03615    0.02975   0.005305        313        640:  67%|██████▋   | 8/12 00:00
      48/99      6.41G    0.03596    0.02992   0.005368        307        640:  67%|██████▋   | 8/12 00:01
      48/99      6.41G    0.03596    0.02992   0.005368        307        640:  83%|████████▎ | 10/12 00:01
      48/99      6.41G    0.03592    0.02977   0.005281        273        640:  83%|████████▎ | 10/12 00:01
      48/99      6.41G    0.03617     0.0295   0.005335        151        640:  83%|████████▎ | 10/12 00:01
      48/99      6.41G    0.03617     0.0295   0.005335        151        640: 100%|██████████| 12/12 00:01
      48/99      6.41G    0.03617     0.0295   0.005335        151        640: 100%|██████████| 12/12 00:01

                 Class     Images  Instances          P          R      mAP50   mAP50-95:   0%|          | 0/1 00:00
                 Class     Images  Instances          P          R      mAP50   mAP50-95: 100%|██████████| 1/1 00:00
                   all         17         71      0.986          1      0.995      0.634

      Epoch    GPU_mem   box_loss   obj_loss   cls_loss  Instances       Size

  0%|          | 0/12 00:00
      49/99      6.41G    0.03326    0.02652   0.005123        259        640:   0%|          | 0/12 00:00
      49/99      6.41G    0.03443    0.02648   0.005075        236        640:   0%|          | 0/12 00:00
      49/99      6.41G    0.03443    0.02648   0.005075        236        640:  17%|█▋        | 2/12 00:00
      49/99      6.41G    0.03403     0.0277   0.004833        290        640:  17%|█▋        | 2/12 00:00
      49/99      6.41G    0.03407    0.02779   0.004858        274        640:  17%|█▋        | 2/12 00:00
      49/99      6.41G    0.03407    0.02779   0.004858        274        640:  33%|███▎      | 4/12 00:00
      49/99      6.41G    0.03471    0.02782   0.005125        257        640:  33%|███▎      | 4/12 00:00
      49/99      6.41G    0.03482    0.02802   0.005201        276        640:  33%|███▎      | 4/12 00:00
      49/99      6.41G    0.03482    0.02802   0.005201        276        640:  50%|█████     | 6/12 00:00
      49/99      6.41G    0.03487    0.02837   0.005389        302        640:  50%|█████     | 6/12 00:00
      49/99      6.41G    0.03452    0.02835    0.00541        310        640:  50%|█████     | 6/12 00:00
      49/99      6.41G    0.03452    0.02835    0.00541        310        640:  67%|██████▋   | 8/12 00:00
      49/99      6.41G     0.0349    0.02893   0.005363        354        640:  67%|██████▋   | 8/12 00:00
      49/99      6.41G    0.03521    0.02949   0.005449        355        640:  67%|██████▋   | 8/12 00:01
      49/99      6.41G    0.03521    0.02949   0.005449        355        640:  83%|████████▎ | 10/12 00:01
      49/99      6.41G    0.03537    0.02946   0.005476        288        640:  83%|████████▎ | 10/12 00:01
      49/99      6.41G     0.0353    0.02942   0.005514        168        640:  83%|████████▎ | 10/12 00:01
      49/99      6.41G     0.0353    0.02942   0.005514        168        640: 100%|██████████| 12/12 00:01
      49/99      6.41G     0.0353    0.02942   0.005514        168        640: 100%|██████████| 12/12 00:01

                 Class     Images  Instances          P          R      mAP50   mAP50-95:   0%|          | 0/1 00:00
                 Class     Images  Instances          P          R      mAP50   mAP50-95: 100%|██████████| 1/1 00:00
                   all         17         71      0.985          1      0.995      0.642

      Epoch    GPU_mem   box_loss   obj_loss   cls_loss  Instances       Size

  0%|          | 0/12 00:00
      50/99      6.41G    0.03738    0.02965   0.005282        311        640:   0%|          | 0/12 00:00
      50/99      6.41G    0.03578    0.03003   0.004747        293        640:   0%|          | 0/12 00:00
      50/99      6.41G    0.03578    0.03003   0.004747        293        640:  17%|█▋        | 2/12 00:00
      50/99      6.41G    0.03558    0.03107   0.004728        349        640:  17%|█▋        | 2/12 00:00
      50/99      6.41G    0.03574    0.03057   0.004879        275        640:  17%|█▋        | 2/12 00:00
      50/99      6.41G    0.03574    0.03057   0.004879        275        640:  33%|███▎      | 4/12 00:00
      50/99      6.41G    0.03518    0.03106   0.005015        311        640:  33%|███▎      | 4/12 00:00
      50/99      6.41G    0.03537    0.03141   0.005203        336        640:  33%|███▎      | 4/12 00:00
      50/99      6.41G    0.03537    0.03141   0.005203        336        640:  50%|█████     | 6/12 00:00
      50/99      6.41G    0.03537    0.03135   0.005124        296        640:  50%|█████     | 6/12 00:00
      50/99      6.41G    0.03526    0.03109   0.005042        286        640:  50%|█████     | 6/12 00:00
      50/99      6.41G    0.03526    0.03109   0.005042        286        640:  67%|██████▋   | 8/12 00:00
      50/99      6.41G     0.0354    0.03083    0.00508        272        640:  67%|██████▋   | 8/12 00:00
      50/99      6.41G    0.03554    0.03087   0.005207        314        640:  67%|██████▋   | 8/12 00:01
      50/99      6.41G    0.03554    0.03087   0.005207        314        640:  83%|████████▎ | 10/12 00:01
      50/99      6.41G    0.03524    0.03077   0.005125        305        640:  83%|████████▎ | 10/12 00:01
      50/99      6.41G    0.03497    0.03041   0.005053        151        640:  83%|████████▎ | 10/12 00:01
      50/99      6.41G    0.03497    0.03041   0.005053        151        640: 100%|██████████| 12/12 00:01
      50/99      6.41G    0.03497    0.03041   0.005053        151        640: 100%|██████████| 12/12 00:01

                 Class     Images  Instances          P          R      mAP50   mAP50-95:   0%|          | 0/1 00:00
                 Class     Images  Instances          P          R      mAP50   mAP50-95: 100%|██████████| 1/1 00:00
                   all         17         71      0.965      0.971      0.976      0.625

      Epoch    GPU_mem   box_loss   obj_loss   cls_loss  Instances       Size

  0%|          | 0/12 00:00
      51/99      6.41G    0.03492    0.02942   0.004702        283        640:   0%|          | 0/12 00:00
      51/99      6.41G    0.03557    0.02678   0.004856        231        640:   0%|          | 0/12 00:00
      51/99      6.41G    0.03557    0.02678   0.004856        231        640:  17%|█▋        | 2/12 00:00
      51/99      6.41G    0.03417    0.02817   0.004647        348        640:  17%|█▋        | 2/12 00:00
      51/99      6.41G    0.03409    0.02927   0.004757        343        640:  17%|█▋        | 2/12 00:00
      51/99      6.41G    0.03409    0.02927   0.004757        343        640:  33%|███▎      | 4/12 00:00
      51/99      6.41G    0.03414    0.02979   0.004807        319        640:  33%|███▎      | 4/12 00:00
      51/99      6.41G    0.03407    0.02948   0.004852        267        640:  33%|███▎      | 4/12 00:00
      51/99      6.41G    0.03407    0.02948   0.004852        267        640:  50%|█████     | 6/12 00:00
      51/99      6.41G    0.03401    0.02919   0.004945        284        640:  50%|█████     | 6/12 00:00
      51/99      6.41G     0.0342    0.02906    0.00508        284        640:  50%|█████     | 6/12 00:00
      51/99      6.41G     0.0342    0.02906    0.00508        284        640:  67%|██████▋   | 8/12 00:00
      51/99      6.41G    0.03414    0.02915   0.005045        298        640:  67%|██████▋   | 8/12 00:00
      51/99      6.41G    0.03391    0.02877   0.005003        253        640:  67%|██████▋   | 8/12 00:01
      51/99      6.41G    0.03391    0.02877   0.005003        253        640:  83%|████████▎ | 10/12 00:01
      51/99      6.41G    0.03418    0.02852   0.005063        241        640:  83%|████████▎ | 10/12 00:01
      51/99      6.41G     0.0342    0.02816   0.005106        131        640:  83%|████████▎ | 10/12 00:01
      51/99      6.41G     0.0342    0.02816   0.005106        131        640: 100%|██████████| 12/12 00:01
      51/99      6.41G     0.0342    0.02816   0.005106        131        640: 100%|██████████| 12/12 00:01

                 Class     Images  Instances          P          R      mAP50   mAP50-95:   0%|          | 0/1 00:00
                 Class     Images  Instances          P          R      mAP50   mAP50-95: 100%|██████████| 1/1 00:00
                   all         17         71      0.983          1      0.995       0.63

      Epoch    GPU_mem   box_loss   obj_loss   cls_loss  Instances       Size

  0%|          | 0/12 00:00
      52/99      6.41G    0.03248    0.03016   0.004947        289        640:   0%|          | 0/12 00:00
      52/99      6.41G    0.03306    0.02967    0.00521        274        640:   0%|          | 0/12 00:00
      52/99      6.41G    0.03306    0.02967    0.00521        274        640:  17%|█▋        | 2/12 00:00
      52/99      6.41G    0.03298    0.02999   0.004877        286        640:  17%|█▋        | 2/12 00:00
      52/99      6.41G    0.03264    0.03023   0.004695        313        640:  17%|█▋        | 2/12 00:00
      52/99      6.41G    0.03264    0.03023   0.004695        313        640:  33%|███▎      | 4/12 00:00
      52/99      6.41G    0.03309    0.03036   0.004828        289        640:  33%|███▎      | 4/12 00:00
      52/99      6.41G    0.03334    0.02965   0.004973        239        640:  33%|███▎      | 4/12 00:00
      52/99      6.41G    0.03334    0.02965   0.004973        239        640:  50%|█████     | 6/12 00:00
      52/99      6.41G    0.03317    0.02894   0.005201        236        640:  50%|█████     | 6/12 00:00
      52/99      6.41G    0.03297    0.02911   0.005188        297        640:  50%|█████     | 6/12 00:00
      52/99      6.41G    0.03297    0.02911   0.005188        297        640:  67%|██████▋   | 8/12 00:00
      52/99      6.41G    0.03319    0.02952   0.005162        343        640:  67%|██████▋   | 8/12 00:00
      52/99      6.41G    0.03332    0.02923   0.005249        258        640:  67%|██████▋   | 8/12 00:01
      52/99      6.41G    0.03332    0.02923   0.005249        258        640:  83%|████████▎ | 10/12 00:01
      52/99      6.41G    0.03341    0.02937   0.005208        308        640:  83%|████████▎ | 10/12 00:01
      52/99      6.41G    0.03369    0.02931   0.005203        179        640:  83%|████████▎ | 10/12 00:01
      52/99      6.41G    0.03369    0.02931   0.005203        179        640: 100%|██████████| 12/12 00:01
      52/99      6.41G    0.03369    0.02931   0.005203        179        640: 100%|██████████| 12/12 00:01

                 Class     Images  Instances          P          R      mAP50   mAP50-95:   0%|          | 0/1 00:00
                 Class     Images  Instances          P          R      mAP50   mAP50-95: 100%|██████████| 1/1 00:00
                   all         17         71      0.988          1      0.995      0.624

      Epoch    GPU_mem   box_loss   obj_loss   cls_loss  Instances       Size

  0%|          | 0/12 00:00
      53/99      6.41G    0.03188    0.03047   0.004316        308        640:   0%|          | 0/12 00:00
      53/99      6.41G    0.03142    0.02929    0.00399        271        640:   0%|          | 0/12 00:00
      53/99      6.41G    0.03142    0.02929    0.00399        271        640:  17%|█▋        | 2/12 00:00
      53/99      6.41G    0.03281    0.02982   0.004113        282        640:  17%|█▋        | 2/12 00:00
      53/99      6.41G    0.03347    0.02918   0.004304        269        640:  17%|█▋        | 2/12 00:00
      53/99      6.41G    0.03347    0.02918   0.004304        269        640:  33%|███▎      | 4/12 00:00
      53/99      6.41G     0.0334    0.02862   0.004427        239        640:  33%|███▎      | 4/12 00:00
      53/99      6.41G    0.03307    0.02841   0.004364        269        640:  33%|███▎      | 4/12 00:00
      53/99      6.41G    0.03307    0.02841   0.004364        269        640:  50%|█████     | 6/12 00:00
      53/99      6.41G    0.03332    0.02821   0.004414        263        640:  50%|█████     | 6/12 00:00
      53/99      6.41G    0.03363    0.02811   0.004319        248        640:  50%|█████     | 6/12 00:00
      53/99      6.41G    0.03363    0.02811   0.004319        248        640:  67%|██████▋   | 8/12 00:00
      53/99      6.41G    0.03389    0.02809   0.004584        266        640:  67%|██████▋   | 8/12 00:00
      53/99      6.41G    0.03389    0.02748   0.004534        201        640:  67%|██████▋   | 8/12 00:01
      53/99      6.41G    0.03389    0.02748   0.004534        201        640:  83%|████████▎ | 10/12 00:01
      53/99      6.41G     0.0338    0.02749   0.004531        268        640:  83%|████████▎ | 10/12 00:01
      53/99      6.41G    0.03393    0.02759    0.00455        166        640:  83%|████████▎ | 10/12 00:01
      53/99      6.41G    0.03393    0.02759    0.00455        166        640: 100%|██████████| 12/12 00:01
      53/99      6.41G    0.03393    0.02759    0.00455        166        640: 100%|██████████| 12/12 00:01

                 Class     Images  Instances          P          R      mAP50   mAP50-95:   0%|          | 0/1 00:00
                 Class     Images  Instances          P          R      mAP50   mAP50-95: 100%|██████████| 1/1 00:00
                   all         17         71      0.986          1      0.995      0.629

      Epoch    GPU_mem   box_loss   obj_loss   cls_loss  Instances       Size

  0%|          | 0/12 00:00
      54/99      6.41G    0.03363    0.02577   0.005203        234        640:   0%|          | 0/12 00:00
      54/99      6.41G    0.03308    0.02576   0.004712        255        640:   0%|          | 0/12 00:00
      54/99      6.41G    0.03308    0.02576   0.004712        255        640:  17%|█▋        | 2/12 00:00
      54/99      6.41G     0.0343    0.02794   0.005034        305        640:  17%|█▋        | 2/12 00:00
      54/99      6.41G    0.03505    0.02941   0.005089        309        640:  17%|█▋        | 2/12 00:00
      54/99      6.41G    0.03505    0.02941   0.005089        309        640:  33%|███▎      | 4/12 00:00
      54/99      6.41G    0.03527    0.02954   0.005197        317        640:  33%|███▎      | 4/12 00:00
      54/99      6.41G    0.03541    0.02934   0.005076        289        640:  33%|███▎      | 4/12 00:00
      54/99      6.41G    0.03541    0.02934   0.005076        289        640:  50%|█████     | 6/12 00:00
      54/99      6.41G    0.03515    0.02937   0.005029        294        640:  50%|█████     | 6/12 00:00
      54/99      6.41G    0.03494    0.03004   0.004987        339        640:  50%|█████     | 6/12 00:00
      54/99      6.41G    0.03494    0.03004   0.004987        339        640:  67%|██████▋   | 8/12 00:00
      54/99      6.41G    0.03487    0.03034   0.004917        330        640:  67%|██████▋   | 8/12 00:00
      54/99      6.41G    0.03462    0.03039   0.004847        302        640:  67%|██████▋   | 8/12 00:01
      54/99      6.41G    0.03462    0.03039   0.004847        302        640:  83%|████████▎ | 10/12 00:01
      54/99      6.41G    0.03454    0.03043   0.004895        317        640:  83%|████████▎ | 10/12 00:01
      54/99      6.41G    0.03451    0.03028   0.004721        161        640:  83%|████████▎ | 10/12 00:01
      54/99      6.41G    0.03451    0.03028   0.004721        161        640: 100%|██████████| 12/12 00:01
      54/99      6.41G    0.03451    0.03028   0.004721        161        640: 100%|██████████| 12/12 00:01

                 Class     Images  Instances          P          R      mAP50   mAP50-95:   0%|          | 0/1 00:00
                 Class     Images  Instances          P          R      mAP50   mAP50-95: 100%|██████████| 1/1 00:00
                   all         17         71      0.986          1      0.995      0.648

      Epoch    GPU_mem   box_loss   obj_loss   cls_loss  Instances       Size

  0%|          | 0/12 00:00
      55/99      6.41G     0.0331    0.02672   0.005117        272        640:   0%|          | 0/12 00:00
      55/99      6.41G     0.0332    0.02817   0.005138        301        640:   0%|          | 0/12 00:00
      55/99      6.41G     0.0332    0.02817   0.005138        301        640:  17%|█▋        | 2/12 00:00
      55/99      6.41G    0.03306    0.02761    0.00499        288        640:  17%|█▋        | 2/12 00:00
      55/99      6.41G    0.03324      0.029   0.004761        340        640:  17%|█▋        | 2/12 00:00
      55/99      6.41G    0.03324      0.029   0.004761        340        640:  33%|███▎      | 4/12 00:00
      55/99      6.41G    0.03314    0.02931   0.004692        276        640:  33%|███▎      | 4/12 00:00
      55/99      6.41G    0.03324    0.02965   0.004565        307        640:  33%|███▎      | 4/12 00:00
      55/99      6.41G    0.03324    0.02965   0.004565        307        640:  50%|█████     | 6/12 00:00
      55/99      6.41G    0.03328    0.02955   0.004469        265        640:  50%|█████     | 6/12 00:00
      55/99      6.41G    0.03323    0.02909   0.004413        238        640:  50%|█████     | 6/12 00:00
      55/99      6.41G    0.03323    0.02909   0.004413        238        640:  67%|██████▋   | 8/12 00:00
      55/99      6.41G    0.03328    0.02896   0.004312        284        640:  67%|██████▋   | 8/12 00:00
      55/99      6.41G    0.03344    0.02882    0.00447        257        640:  67%|██████▋   | 8/12 00:01
      55/99      6.41G    0.03344    0.02882    0.00447        257        640:  83%|████████▎ | 10/12 00:01
      55/99      6.41G    0.03343    0.02924   0.004471        322        640:  83%|████████▎ | 10/12 00:01
      55/99      6.41G    0.03343    0.02901   0.004538        169        640:  83%|████████▎ | 10/12 00:01
      55/99      6.41G    0.03343    0.02901   0.004538        169        640: 100%|██████████| 12/12 00:01
      55/99      6.41G    0.03343    0.02901   0.004538        169        640: 100%|██████████| 12/12 00:01

                 Class     Images  Instances          P          R      mAP50   mAP50-95:   0%|          | 0/1 00:00
                 Class     Images  Instances          P          R      mAP50   mAP50-95: 100%|██████████| 1/1 00:00
                   all         17         71      0.985          1      0.995      0.632

      Epoch    GPU_mem   box_loss   obj_loss   cls_loss  Instances       Size

  0%|          | 0/12 00:00
      56/99      6.41G     0.0342    0.02821    0.00425        272        640:   0%|          | 0/12 00:00
      56/99      6.41G    0.03358    0.02885    0.00476        275        640:   0%|          | 0/12 00:00
      56/99      6.41G    0.03358    0.02885    0.00476        275        640:  17%|█▋        | 2/12 00:00
      56/99      6.41G    0.03288    0.02975   0.004708        344        640:  17%|█▋        | 2/12 00:00
      56/99      6.41G     0.0328    0.03024   0.004883        345        640:  17%|█▋        | 2/12 00:00
      56/99      6.41G     0.0328    0.03024   0.004883        345        640:  33%|███▎      | 4/12 00:00
      56/99      6.41G    0.03344    0.02985   0.005045        275        640:  33%|███▎      | 4/12 00:00
      56/99      6.41G    0.03317    0.02897    0.00492        252        640:  33%|███▎      | 4/12 00:00
      56/99      6.41G    0.03317    0.02897    0.00492        252        640:  50%|█████     | 6/12 00:00
      56/99      6.41G    0.03321    0.02897   0.004747        291        640:  50%|█████     | 6/12 00:00
      56/99      6.41G    0.03309     0.0288   0.004805        277        640:  50%|█████     | 6/12 00:00
      56/99      6.41G    0.03309     0.0288   0.004805        277        640:  67%|██████▋   | 8/12 00:00
      56/99      6.41G    0.03321    0.02817   0.004855        230        640:  67%|██████▋   | 8/12 00:00
      56/99      6.41G    0.03317    0.02804   0.004854        283        640:  67%|██████▋   | 8/12 00:01
      56/99      6.41G    0.03317    0.02804   0.004854        283        640:  83%|████████▎ | 10/12 00:01
      56/99      6.41G    0.03326     0.0285   0.004812        351        640:  83%|████████▎ | 10/12 00:01
      56/99      6.41G    0.03316     0.0284   0.004696        157        640:  83%|████████▎ | 10/12 00:01
      56/99      6.41G    0.03316     0.0284   0.004696        157        640: 100%|██████████| 12/12 00:01
      56/99      6.41G    0.03316     0.0284   0.004696        157        640: 100%|██████████| 12/12 00:01

                 Class     Images  Instances          P          R      mAP50   mAP50-95:   0%|          | 0/1 00:00
                 Class     Images  Instances          P          R      mAP50   mAP50-95: 100%|██████████| 1/1 00:00
                   all         17         71      0.984      0.996      0.995       0.66

      Epoch    GPU_mem   box_loss   obj_loss   cls_loss  Instances       Size

  0%|          | 0/12 00:00
      57/99      6.41G    0.03352    0.02621   0.004878        263        640:   0%|          | 0/12 00:00
      57/99      6.41G    0.03324    0.02928   0.005015        318        640:   0%|          | 0/12 00:00
      57/99      6.41G    0.03324    0.02928   0.005015        318        640:  17%|█▋        | 2/12 00:00
      57/99      6.41G    0.03281    0.02822   0.004745        269        640:  17%|█▋        | 2/12 00:00
      57/99      6.41G    0.03278    0.02749   0.004763        219        640:  17%|█▋        | 2/12 00:00
      57/99      6.41G    0.03278    0.02749   0.004763        219        640:  33%|███▎      | 4/12 00:00
      57/99      6.41G    0.03285      0.028   0.004863        284        640:  33%|███▎      | 4/12 00:00
      57/99      6.41G    0.03278    0.02863   0.004769        330        640:  33%|███▎      | 4/12 00:00
      57/99      6.41G    0.03278    0.02863   0.004769        330        640:  50%|█████     | 6/12 00:00
      57/99      6.41G    0.03289    0.02924   0.004767        339        640:  50%|█████     | 6/12 00:00
      57/99      6.41G      0.033    0.02859   0.004738        225        640:  50%|█████     | 6/12 00:00
      57/99      6.41G      0.033    0.02859   0.004738        225        640:  67%|██████▋   | 8/12 00:00
      57/99      6.41G    0.03338    0.02916   0.004836        319        640:  67%|██████▋   | 8/12 00:00
      57/99      6.41G    0.03328    0.02902    0.00477        281        640:  67%|██████▋   | 8/12 00:01
      57/99      6.41G    0.03328    0.02902    0.00477        281        640:  83%|████████▎ | 10/12 00:01
      57/99      6.41G    0.03341    0.02895   0.004748        265        640:  83%|████████▎ | 10/12 00:01
      57/99      6.41G    0.03325    0.02928   0.004654        214        640:  83%|████████▎ | 10/12 00:01
      57/99      6.41G    0.03325    0.02928   0.004654        214        640: 100%|██████████| 12/12 00:01
      57/99      6.41G    0.03325    0.02928   0.004654        214        640: 100%|██████████| 12/12 00:01

                 Class     Images  Instances          P          R      mAP50   mAP50-95:   0%|          | 0/1 00:00
                 Class     Images  Instances          P          R      mAP50   mAP50-95: 100%|██████████| 1/1 00:00
                   all         17         71      0.981          1      0.995      0.664

      Epoch    GPU_mem   box_loss   obj_loss   cls_loss  Instances       Size

  0%|          | 0/12 00:00
      58/99      6.41G    0.03272    0.02975   0.004067        299        640:   0%|          | 0/12 00:00
      58/99      6.41G    0.03141    0.02746   0.004036        243        640:   0%|          | 0/12 00:00
      58/99      6.41G    0.03141    0.02746   0.004036        243        640:  17%|█▋        | 2/12 00:00
      58/99      6.41G    0.03195    0.02893   0.004402        287        640:  17%|█▋        | 2/12 00:00
      58/99      6.41G    0.03283    0.02867    0.00444        272        640:  17%|█▋        | 2/12 00:00
      58/99      6.41G    0.03283    0.02867    0.00444        272        640:  33%|███▎      | 4/12 00:00
      58/99      6.41G    0.03216    0.02734   0.004613        219        640:  33%|███▎      | 4/12 00:00
      58/99      6.41G    0.03238    0.02752   0.004635        291        640:  33%|███▎      | 4/12 00:00
      58/99      6.41G    0.03238    0.02752   0.004635        291        640:  50%|█████     | 6/12 00:00
      58/99      6.41G    0.03234    0.02794   0.004459        320        640:  50%|█████     | 6/12 00:00
      58/99      6.41G    0.03263    0.02798   0.004419        290        640:  50%|█████     | 6/12 00:00
      58/99      6.41G    0.03263    0.02798   0.004419        290        640:  67%|██████▋   | 8/12 00:00
      58/99      6.41G    0.03277    0.02882    0.00443        371        640:  67%|██████▋   | 8/12 00:00
      58/99      6.41G    0.03247    0.02891   0.004301        275        640:  67%|██████▋   | 8/12 00:01
      58/99      6.41G    0.03247    0.02891   0.004301        275        640:  83%|████████▎ | 10/12 00:01
      58/99      6.41G    0.03265    0.02915   0.004362        309        640:  83%|████████▎ | 10/12 00:01
      58/99      6.41G    0.03263    0.02935    0.00442        208        640:  83%|████████▎ | 10/12 00:01
      58/99      6.41G    0.03263    0.02935    0.00442        208        640: 100%|██████████| 12/12 00:01
      58/99      6.41G    0.03263    0.02935    0.00442        208        640: 100%|██████████| 12/12 00:01

                 Class     Images  Instances          P          R      mAP50   mAP50-95:   0%|          | 0/1 00:00
                 Class     Images  Instances          P          R      mAP50   mAP50-95: 100%|██████████| 1/1 00:00
                   all         17         71      0.984          1      0.995      0.668

      Epoch    GPU_mem   box_loss   obj_loss   cls_loss  Instances       Size

  0%|          | 0/12 00:00
      59/99      6.41G    0.03176    0.02992   0.004782        296        640:   0%|          | 0/12 00:00
      59/99      6.41G     0.0318    0.02996   0.004694        293        640:   0%|          | 0/12 00:00
      59/99      6.41G     0.0318    0.02996   0.004694        293        640:  17%|█▋        | 2/12 00:00
      59/99      6.41G    0.03175    0.02804   0.004538        252        640:  17%|█▋        | 2/12 00:00
      59/99      6.41G    0.03176    0.02727   0.004387        234        640:  17%|█▋        | 2/12 00:00
      59/99      6.41G    0.03176    0.02727   0.004387        234        640:  33%|███▎      | 4/12 00:00
      59/99      6.41G     0.0319    0.02702   0.004406        259        640:  33%|███▎      | 4/12 00:00
      59/99      6.41G    0.03179    0.02712   0.004267        278        640:  33%|███▎      | 4/12 00:00
      59/99      6.41G    0.03179    0.02712   0.004267        278        640:  50%|█████     | 6/12 00:00
      59/99      6.41G    0.03192    0.02778   0.004271        330        640:  50%|█████     | 6/12 00:00
      59/99      6.41G    0.03185    0.02739   0.004307        250        640:  50%|█████     | 6/12 00:00
      59/99      6.41G    0.03185    0.02739   0.004307        250        640:  67%|██████▋   | 8/12 00:00
      59/99      6.41G    0.03187     0.0275   0.004235        305        640:  67%|██████▋   | 8/12 00:00
      59/99      6.41G    0.03182    0.02747   0.004256        252        640:  67%|██████▋   | 8/12 00:01
      59/99      6.41G    0.03182    0.02747   0.004256        252        640:  83%|████████▎ | 10/12 00:01
      59/99      6.41G     0.0319    0.02771    0.00418        304        640:  83%|████████▎ | 10/12 00:01
      59/99      6.41G    0.03235    0.02799   0.004191        173        640:  83%|████████▎ | 10/12 00:01
      59/99      6.41G    0.03235    0.02799   0.004191        173        640: 100%|██████████| 12/12 00:01
      59/99      6.41G    0.03235    0.02799   0.004191        173        640: 100%|██████████| 12/12 00:01

                 Class     Images  Instances          P          R      mAP50   mAP50-95:   0%|          | 0/1 00:00
                 Class     Images  Instances          P          R      mAP50   mAP50-95: 100%|██████████| 1/1 00:00
                   all         17         71      0.985          1      0.995      0.661

      Epoch    GPU_mem   box_loss   obj_loss   cls_loss  Instances       Size

  0%|          | 0/12 00:00
      60/99      6.41G    0.02981     0.0242   0.003993        213        640:   0%|          | 0/12 00:00
      60/99      6.41G    0.03144    0.02619   0.004334        306        640:   0%|          | 0/12 00:00
      60/99      6.41G    0.03144    0.02619   0.004334        306        640:  17%|█▋        | 2/12 00:00
      60/99      6.41G    0.03243    0.02801   0.004492        307        640:  17%|█▋        | 2/12 00:00
      60/99      6.41G    0.03246    0.02776   0.004558        281        640:  17%|█▋        | 2/12 00:00
      60/99      6.41G    0.03246    0.02776   0.004558        281        640:  33%|███▎      | 4/12 00:00
      60/99      6.41G     0.0323     0.0276   0.004678        265        640:  33%|███▎      | 4/12 00:00
      60/99      6.41G    0.03275    0.02777   0.004757        280        640:  33%|███▎      | 4/12 00:00
      60/99      6.41G    0.03275    0.02777   0.004757        280        640:  50%|█████     | 6/12 00:00
      60/99      6.41G    0.03257    0.02714   0.004601        234        640:  50%|█████     | 6/12 00:00
      60/99      6.41G    0.03274    0.02653    0.00456        203        640:  50%|█████     | 6/12 00:00
      60/99      6.41G    0.03274    0.02653    0.00456        203        640:  67%|██████▋   | 8/12 00:00
      60/99      6.41G    0.03248    0.02614   0.004507        223        640:  67%|██████▋   | 8/12 00:00
      60/99      6.41G    0.03248    0.02635   0.004438        282        640:  67%|██████▋   | 8/12 00:01
      60/99      6.41G    0.03248    0.02635   0.004438        282        640:  83%|████████▎ | 10/12 00:01
      60/99      6.41G    0.03249    0.02664   0.004347        286        640:  83%|████████▎ | 10/12 00:01
      60/99      6.41G    0.03256    0.02715   0.004363        185        640:  83%|████████▎ | 10/12 00:01
      60/99      6.41G    0.03256    0.02715   0.004363        185        640: 100%|██████████| 12/12 00:01
      60/99      6.41G    0.03256    0.02715   0.004363        185        640: 100%|██████████| 12/12 00:01

                 Class     Images  Instances          P          R      mAP50   mAP50-95:   0%|          | 0/1 00:00
                 Class     Images  Instances          P          R      mAP50   mAP50-95: 100%|██████████| 1/1 00:00
                   all         17         71      0.986          1      0.995      0.672

      Epoch    GPU_mem   box_loss   obj_loss   cls_loss  Instances       Size

  0%|          | 0/12 00:00
      61/99      6.41G    0.03385    0.03261   0.005384        325        640:   0%|          | 0/12 00:00
      61/99      6.41G    0.03404    0.02992   0.005491        284        640:   0%|          | 0/12 00:00
      61/99      6.41G    0.03404    0.02992   0.005491        284        640:  17%|█▋        | 2/12 00:00
      61/99      6.41G    0.03338    0.02944   0.005181        303        640:  17%|█▋        | 2/12 00:00
      61/99      6.41G    0.03266    0.02689   0.004951        198        640:  17%|█▋        | 2/12 00:00
      61/99      6.41G    0.03266    0.02689   0.004951        198        640:  33%|███▎      | 4/12 00:00
      61/99      6.41G     0.0323    0.02676   0.004768        296        640:  33%|███▎      | 4/12 00:00
      61/99      6.41G     0.0324    0.02685    0.00486        274        640:  33%|███▎      | 4/12 00:00
      61/99      6.41G     0.0324    0.02685    0.00486        274        640:  50%|█████     | 6/12 00:00
      61/99      6.41G    0.03232      0.027   0.004866        282        640:  50%|█████     | 6/12 00:00
      61/99      6.41G      0.032     0.0275   0.004776        299        640:  50%|█████     | 6/12 00:00
      61/99      6.41G      0.032     0.0275   0.004776        299        640:  67%|██████▋   | 8/12 00:00
      61/99      6.41G    0.03211    0.02745   0.004992        253        640:  67%|██████▋   | 8/12 00:00
      61/99      6.41G    0.03194    0.02747   0.004879        279        640:  67%|██████▋   | 8/12 00:01
      61/99      6.41G    0.03194    0.02747   0.004879        279        640:  83%|████████▎ | 10/12 00:01
      61/99      6.41G     0.0319    0.02729   0.004791        237        640:  83%|████████▎ | 10/12 00:01
      61/99      6.41G    0.03173    0.02755   0.004878        202        640:  83%|████████▎ | 10/12 00:01
      61/99      6.41G    0.03173    0.02755   0.004878        202        640: 100%|██████████| 12/12 00:01
      61/99      6.41G    0.03173    0.02755   0.004878        202        640: 100%|██████████| 12/12 00:01

                 Class     Images  Instances          P          R      mAP50   mAP50-95:   0%|          | 0/1 00:00
                 Class     Images  Instances          P          R      mAP50   mAP50-95: 100%|██████████| 1/1 00:00
                   all         17         71      0.982          1      0.995       0.68

      Epoch    GPU_mem   box_loss   obj_loss   cls_loss  Instances       Size

  0%|          | 0/12 00:00
      62/99      6.41G    0.03315     0.0286   0.005392        284        640:   0%|          | 0/12 00:00
      62/99      6.41G     0.0326     0.0307   0.005015        324        640:   0%|          | 0/12 00:00
      62/99      6.41G     0.0326     0.0307   0.005015        324        640:  17%|█▋        | 2/12 00:00
      62/99      6.41G    0.03267    0.02991    0.00473        278        640:  17%|█▋        | 2/12 00:00
      62/99      6.41G    0.03301    0.02871   0.004736        250        640:  17%|█▋        | 2/12 00:00
      62/99      6.41G    0.03301    0.02871   0.004736        250        640:  33%|███▎      | 4/12 00:00
      62/99      6.41G     0.0327    0.02792   0.004768        237        640:  33%|███▎      | 4/12 00:00
      62/99      6.41G    0.03248    0.02866   0.004626        336        640:  33%|███▎      | 4/12 00:00
      62/99      6.41G    0.03248    0.02866   0.004626        336        640:  50%|█████     | 6/12 00:00
      62/99      6.41G    0.03245    0.02833   0.004637        269        640:  50%|█████     | 6/12 00:00
      62/99      6.41G    0.03242    0.02841   0.004472        285        640:  50%|█████     | 6/12 00:00
      62/99      6.41G    0.03242    0.02841   0.004472        285        640:  67%|██████▋   | 8/12 00:00
      62/99      6.41G    0.03269    0.02852   0.004548        303        640:  67%|██████▋   | 8/12 00:00
      62/99      6.41G     0.0329    0.02868   0.004475        314        640:  67%|██████▋   | 8/12 00:01
      62/99      6.41G     0.0329    0.02868   0.004475        314        640:  83%|████████▎ | 10/12 00:01
      62/99      6.41G    0.03277    0.02896   0.004487        340        640:  83%|████████▎ | 10/12 00:01
      62/99      6.41G    0.03258    0.02927   0.004479        218        640:  83%|████████▎ | 10/12 00:01
      62/99      6.41G    0.03258    0.02927   0.004479        218        640: 100%|██████████| 12/12 00:01
      62/99      6.41G    0.03258    0.02927   0.004479        218        640: 100%|██████████| 12/12 00:01

                 Class     Images  Instances          P          R      mAP50   mAP50-95:   0%|          | 0/1 00:00
                 Class     Images  Instances          P          R      mAP50   mAP50-95: 100%|██████████| 1/1 00:00
                   all         17         71      0.982      0.986      0.994      0.679

      Epoch    GPU_mem   box_loss   obj_loss   cls_loss  Instances       Size

  0%|          | 0/12 00:00
      63/99      6.41G    0.02986    0.02596    0.00345        264        640:   0%|          | 0/12 00:00
      63/99      6.41G    0.03104     0.0252   0.004432        241        640:   0%|          | 0/12 00:00
      63/99      6.41G    0.03104     0.0252   0.004432        241        640:  17%|█▋        | 2/12 00:00
      63/99      6.41G    0.03142      0.026   0.004352        277        640:  17%|█▋        | 2/12 00:00
      63/99      6.41G    0.03139    0.02652   0.004402        302        640:  17%|█▋        | 2/12 00:00
      63/99      6.41G    0.03139    0.02652   0.004402        302        640:  33%|███▎      | 4/12 00:00
      63/99      6.41G     0.0312    0.02685   0.004197        292        640:  33%|███▎      | 4/12 00:00
      63/99      6.41G    0.03151    0.02727   0.004372        299        640:  33%|███▎      | 4/12 00:00
      63/99      6.41G    0.03151    0.02727   0.004372        299        640:  50%|█████     | 6/12 00:00
      63/99      6.41G    0.03155    0.02718   0.004327        282        640:  50%|█████     | 6/12 00:00
      63/99      6.41G    0.03158    0.02723   0.004203        269        640:  50%|█████     | 6/12 00:00
      63/99      6.41G    0.03158    0.02723   0.004203        269        640:  67%|██████▋   | 8/12 00:00
      63/99      6.41G    0.03165    0.02801   0.004265        367        640:  67%|██████▋   | 8/12 00:00
      63/99      6.41G    0.03163    0.02789   0.004265        275        640:  67%|██████▋   | 8/12 00:01
      63/99      6.41G    0.03163    0.02789   0.004265        275        640:  83%|████████▎ | 10/12 00:01
      63/99      6.41G    0.03189    0.02799   0.004373        273        640:  83%|████████▎ | 10/12 00:01
      63/99      6.41G      0.032    0.02795   0.004377        167        640:  83%|████████▎ | 10/12 00:01
      63/99      6.41G      0.032    0.02795   0.004377        167        640: 100%|██████████| 12/12 00:01
      63/99      6.41G      0.032    0.02795   0.004377        167        640: 100%|██████████| 12/12 00:01

                 Class     Images  Instances          P          R      mAP50   mAP50-95:   0%|          | 0/1 00:00
                 Class     Images  Instances          P          R      mAP50   mAP50-95: 100%|██████████| 1/1 00:00
                   all         17         71      0.975      0.984      0.995      0.671

      Epoch    GPU_mem   box_loss   obj_loss   cls_loss  Instances       Size

  0%|          | 0/12 00:00
      64/99      6.41G     0.0326    0.02948   0.004559        325        640:   0%|          | 0/12 00:00
      64/99      6.41G    0.03109    0.02665   0.004319        218        640:   0%|          | 0/12 00:00
      64/99      6.41G    0.03109    0.02665   0.004319        218        640:  17%|█▋        | 2/12 00:00
      64/99      6.41G    0.03046    0.02761   0.004063        303        640:  17%|█▋        | 2/12 00:00
      64/99      6.41G    0.03078    0.02785   0.004076        286        640:  17%|█▋        | 2/12 00:00
      64/99      6.41G    0.03078    0.02785   0.004076        286        640:  33%|███▎      | 4/12 00:00
      64/99      6.41G    0.03131    0.02793     0.0039        297        640:  33%|███▎      | 4/12 00:00
      64/99      6.41G    0.03113    0.02777   0.003833        279        640:  33%|███▎      | 4/12 00:00
      64/99      6.41G    0.03113    0.02777   0.003833        279        640:  50%|█████     | 6/12 00:00
      64/99      6.41G    0.03097    0.02785   0.003768        295        640:  50%|█████     | 6/12 00:00
      64/99      6.41G     0.0309    0.02775   0.003846        291        640:  50%|█████     | 6/12 00:00
      64/99      6.41G     0.0309    0.02775   0.003846        291        640:  67%|██████▋   | 8/12 00:00
      64/99      6.41G    0.03074    0.02768   0.003769        278        640:  67%|██████▋   | 8/12 00:00
      64/99      6.41G    0.03069    0.02777   0.003789        295        640:  67%|██████▋   | 8/12 00:01
      64/99      6.41G    0.03069    0.02777   0.003789        295        640:  83%|████████▎ | 10/12 00:01
      64/99      6.41G    0.03065    0.02752   0.003738        253        640:  83%|████████▎ | 10/12 00:01
      64/99      6.41G    0.03072    0.02758    0.00372        173        640:  83%|████████▎ | 10/12 00:01
      64/99      6.41G    0.03072    0.02758    0.00372        173        640: 100%|██████████| 12/12 00:01
      64/99      6.41G    0.03072    0.02758    0.00372        173        640: 100%|██████████| 12/12 00:01

                 Class     Images  Instances          P          R      mAP50   mAP50-95:   0%|          | 0/1 00:00
                 Class     Images  Instances          P          R      mAP50   mAP50-95: 100%|██████████| 1/1 00:00
                   all         17         71      0.987          1      0.995      0.665

      Epoch    GPU_mem   box_loss   obj_loss   cls_loss  Instances       Size

  0%|          | 0/12 00:00
      65/99      6.41G    0.03377    0.03494    0.00413        378        640:   0%|          | 0/12 00:00
      65/99      6.41G    0.03314    0.03073   0.004594        250        640:   0%|          | 0/12 00:00
      65/99      6.41G    0.03314    0.03073   0.004594        250        640:  17%|█▋        | 2/12 00:00
      65/99      6.41G    0.03239    0.03016   0.004353        296        640:  17%|█▋        | 2/12 00:00
      65/99      6.41G    0.03263     0.0285   0.004724        224        640:  17%|█▋        | 2/12 00:00
      65/99      6.41G    0.03263     0.0285   0.004724        224        640:  33%|███▎      | 4/12 00:00
      65/99      6.41G    0.03181    0.02775   0.004592        230        640:  33%|███▎      | 4/12 00:00
      65/99      6.41G     0.0318    0.02866   0.004412        335        640:  33%|███▎      | 4/12 00:00
      65/99      6.41G     0.0318    0.02866   0.004412        335        640:  50%|█████     | 6/12 00:00
      65/99      6.41G    0.03172    0.02881   0.004307        311        640:  50%|█████     | 6/12 00:00
      65/99      6.41G    0.03161     0.0287   0.004238        303        640:  50%|█████     | 6/12 00:00
      65/99      6.41G    0.03161     0.0287   0.004238        303        640:  67%|██████▋   | 8/12 00:00
      65/99      6.41G    0.03168     0.0291   0.004339        320        640:  67%|██████▋   | 8/12 00:00
      65/99      6.41G    0.03162    0.02889    0.00423        282        640:  67%|██████▋   | 8/12 00:01
      65/99      6.41G    0.03162    0.02889    0.00423        282        640:  83%|████████▎ | 10/12 00:01
      65/99      6.41G    0.03159    0.02863   0.004194        262        640:  83%|████████▎ | 10/12 00:01
      65/99      6.41G    0.03191    0.02839   0.004351        138        640:  83%|████████▎ | 10/12 00:01
      65/99      6.41G    0.03191    0.02839   0.004351        138        640: 100%|██████████| 12/12 00:01
      65/99      6.41G    0.03191    0.02839   0.004351        138        640: 100%|██████████| 12/12 00:01

                 Class     Images  Instances          P          R      mAP50   mAP50-95:   0%|          | 0/1 00:00
                 Class     Images  Instances          P          R      mAP50   mAP50-95: 100%|██████████| 1/1 00:00
                   all         17         71      0.972      0.986      0.976      0.638

      Epoch    GPU_mem   box_loss   obj_loss   cls_loss  Instances       Size

  0%|          | 0/12 00:00
      66/99      6.41G    0.03073    0.02353   0.002908        219        640:   0%|          | 0/12 00:00
      66/99      6.41G    0.03124    0.02492   0.003485        247        640:   0%|          | 0/12 00:00
      66/99      6.41G    0.03124    0.02492   0.003485        247        640:  17%|█▋        | 2/12 00:00
      66/99      6.41G    0.03045    0.02502   0.003525        266        640:  17%|█▋        | 2/12 00:00
      66/99      6.41G    0.03036    0.02587   0.003894        303        640:  17%|█▋        | 2/12 00:00
      66/99      6.41G    0.03036    0.02587   0.003894        303        640:  33%|███▎      | 4/12 00:00
      66/99      6.41G    0.03056     0.0261   0.004006        269        640:  33%|███▎      | 4/12 00:00
      66/99      6.41G    0.03063    0.02579   0.003931        242        640:  33%|███▎      | 4/12 00:00
      66/99      6.41G    0.03063    0.02579   0.003931        242        640:  50%|█████     | 6/12 00:00
      66/99      6.41G     0.0307    0.02624   0.003976        305        640:  50%|█████     | 6/12 00:00
      66/99      6.41G    0.03079    0.02732    0.00393        349        640:  50%|█████     | 6/12 00:00
      66/99      6.41G    0.03079    0.02732    0.00393        349        640:  67%|██████▋   | 8/12 00:00
      66/99      6.41G    0.03101    0.02744   0.004155        286        640:  67%|██████▋   | 8/12 00:00
      66/99      6.41G    0.03087    0.02746   0.004023        260        640:  67%|██████▋   | 8/12 00:01
      66/99      6.41G    0.03087    0.02746   0.004023        260        640:  83%|████████▎ | 10/12 00:01
      66/99      6.41G     0.0308    0.02753   0.004027        297        640:  83%|████████▎ | 10/12 00:01
      66/99      6.41G    0.03069    0.02728   0.004042        142        640:  83%|████████▎ | 10/12 00:01
      66/99      6.41G    0.03069    0.02728   0.004042        142        640: 100%|██████████| 12/12 00:01
      66/99      6.41G    0.03069    0.02728   0.004042        142        640: 100%|██████████| 12/12 00:01

                 Class     Images  Instances          P          R      mAP50   mAP50-95:   0%|          | 0/1 00:00
                 Class     Images  Instances          P          R      mAP50   mAP50-95: 100%|██████████| 1/1 00:00
                   all         17         71      0.988          1      0.995      0.679

      Epoch    GPU_mem   box_loss   obj_loss   cls_loss  Instances       Size

  0%|          | 0/12 00:00
      67/99      6.41G    0.03047    0.03285   0.004522        354        640:   0%|          | 0/12 00:00
      67/99      6.41G    0.03012    0.02914   0.004073        243        640:   0%|          | 0/12 00:00
      67/99      6.41G    0.03012    0.02914   0.004073        243        640:  17%|█▋        | 2/12 00:00
      67/99      6.41G    0.03033    0.02972    0.00393        327        640:  17%|█▋        | 2/12 00:00
      67/99      6.41G     0.0305    0.02898   0.004266        272        640:  17%|█▋        | 2/12 00:00
      67/99      6.41G     0.0305    0.02898   0.004266        272        640:  33%|███▎      | 4/12 00:00
      67/99      6.41G    0.03043    0.02957     0.0043        329        640:  33%|███▎      | 4/12 00:00
      67/99      6.41G    0.03057    0.02983    0.00416        341        640:  33%|███▎      | 4/12 00:00
      67/99      6.41G    0.03057    0.02983    0.00416        341        640:  50%|█████     | 6/12 00:00
      67/99      6.41G    0.03067    0.02923   0.004156        284        640:  50%|█████     | 6/12 00:00
      67/99      6.41G    0.03074    0.02856   0.003978        247        640:  50%|█████     | 6/12 00:00
      67/99      6.41G    0.03074    0.02856   0.003978        247        640:  67%|██████▋   | 8/12 00:00
      67/99      6.41G    0.03078    0.02839   0.003988        248        640:  67%|██████▋   | 8/12 00:00
      67/99      6.41G    0.03073    0.02839   0.003978        294        640:  67%|██████▋   | 8/12 00:01
      67/99      6.41G    0.03073    0.02839   0.003978        294        640:  83%|████████▎ | 10/12 00:01
      67/99      6.41G    0.03068     0.0288   0.003996        359        640:  83%|████████▎ | 10/12 00:01
      67/99      6.41G    0.03052    0.02885   0.003941        184        640:  83%|████████▎ | 10/12 00:01
      67/99      6.41G    0.03052    0.02885   0.003941        184        640: 100%|██████████| 12/12 00:01
      67/99      6.41G    0.03052    0.02885   0.003941        184        640: 100%|██████████| 12/12 00:01

                 Class     Images  Instances          P          R      mAP50   mAP50-95:   0%|          | 0/1 00:00
                 Class     Images  Instances          P          R      mAP50   mAP50-95: 100%|██████████| 1/1 00:00
                   all         17         71      0.987      0.993      0.995      0.658

      Epoch    GPU_mem   box_loss   obj_loss   cls_loss  Instances       Size

  0%|          | 0/12 00:00
      68/99      6.41G    0.03276    0.02683   0.005339        264        640:   0%|          | 0/12 00:00
      68/99      6.41G    0.03182    0.02932   0.004674        349        640:   0%|          | 0/12 00:00
      68/99      6.41G    0.03182    0.02932   0.004674        349        640:  17%|█▋        | 2/12 00:00
      68/99      6.41G     0.0307    0.02772   0.004431        248        640:  17%|█▋        | 2/12 00:00
      68/99      6.41G    0.03021    0.02717   0.004155        263        640:  17%|█▋        | 2/12 00:00
      68/99      6.41G    0.03021    0.02717   0.004155        263        640:  33%|███▎      | 4/12 00:00
      68/99      6.41G    0.03047    0.02762   0.004201        292        640:  33%|███▎      | 4/12 00:00
      68/99      6.41G    0.03059    0.02773   0.004104        299        640:  33%|███▎      | 4/12 00:00
      68/99      6.41G    0.03059    0.02773   0.004104        299        640:  50%|█████     | 6/12 00:00
      68/99      6.41G    0.03013    0.02739   0.004134        246        640:  50%|█████     | 6/12 00:00
      68/99      6.41G     0.0301      0.027   0.004039        231        640:  50%|█████     | 6/12 00:00
      68/99      6.41G     0.0301      0.027   0.004039        231        640:  67%|██████▋   | 8/12 00:00
      68/99      6.41G    0.03026    0.02715   0.004021        279        640:  67%|██████▋   | 8/12 00:00
      68/99      6.41G    0.03024    0.02732   0.003885        297        640:  67%|██████▋   | 8/12 00:01
      68/99      6.41G    0.03024    0.02732   0.003885        297        640:  83%|████████▎ | 10/12 00:01
      68/99      6.41G    0.03027    0.02764   0.003836        318        640:  83%|████████▎ | 10/12 00:01
      68/99      6.41G    0.03031    0.02815   0.003917        223        640:  83%|████████▎ | 10/12 00:01
      68/99      6.41G    0.03031    0.02815   0.003917        223        640: 100%|██████████| 12/12 00:01
      68/99      6.41G    0.03031    0.02815   0.003917        223        640: 100%|██████████| 12/12 00:01

                 Class     Images  Instances          P          R      mAP50   mAP50-95:   0%|          | 0/1 00:00
                 Class     Images  Instances          P          R      mAP50   mAP50-95: 100%|██████████| 1/1 00:00
                   all         17         71      0.987          1      0.995      0.663

      Epoch    GPU_mem   box_loss   obj_loss   cls_loss  Instances       Size

  0%|          | 0/12 00:00
      69/99      6.41G    0.03076    0.02843   0.003833        293        640:   0%|          | 0/12 00:00
      69/99      6.41G    0.03017    0.02611   0.003515        226        640:   0%|          | 0/12 00:00
      69/99      6.41G    0.03017    0.02611   0.003515        226        640:  17%|█▋        | 2/12 00:00
      69/99      6.41G    0.02968    0.02634   0.003384        277        640:  17%|█▋        | 2/12 00:00
      69/99      6.41G    0.03016    0.02717   0.003688        307        640:  17%|█▋        | 2/12 00:00
      69/99      6.41G    0.03016    0.02717   0.003688        307        640:  33%|███▎      | 4/12 00:00
      69/99      6.41G    0.03021     0.0272   0.003628        295        640:  33%|███▎      | 4/12 00:00
      69/99      6.41G    0.03035    0.02728   0.003651        277        640:  33%|███▎      | 4/12 00:00
      69/99      6.41G    0.03035    0.02728   0.003651        277        640:  50%|█████     | 6/12 00:00
      69/99      6.41G    0.03068    0.02732   0.003745        254        640:  50%|█████     | 6/12 00:00
      69/99      6.41G    0.03078    0.02791     0.0037        347        640:  50%|█████     | 6/12 00:00
      69/99      6.41G    0.03078    0.02791     0.0037        347        640:  67%|██████▋   | 8/12 00:00
      69/99      6.41G    0.03086    0.02816   0.003666        312        640:  67%|██████▋   | 8/12 00:00
      69/99      6.41G    0.03076    0.02828   0.003659        323        640:  67%|██████▋   | 8/12 00:01
      69/99      6.41G    0.03076    0.02828   0.003659        323        640:  83%|████████▎ | 10/12 00:01
      69/99      6.41G    0.03067    0.02824   0.003614        258        640:  83%|████████▎ | 10/12 00:01
      69/99      6.41G    0.03084    0.02824   0.003641        169        640:  83%|████████▎ | 10/12 00:01
      69/99      6.41G    0.03084    0.02824   0.003641        169        640: 100%|██████████| 12/12 00:01
      69/99      6.41G    0.03084    0.02824   0.003641        169        640: 100%|██████████| 12/12 00:01

                 Class     Images  Instances          P          R      mAP50   mAP50-95:   0%|          | 0/1 00:00
                 Class     Images  Instances          P          R      mAP50   mAP50-95: 100%|██████████| 1/1 00:00
                   all         17         71      0.979          1      0.995      0.677

      Epoch    GPU_mem   box_loss   obj_loss   cls_loss  Instances       Size

  0%|          | 0/12 00:00
      70/99      6.41G    0.02889    0.02764   0.004103        303        640:   0%|          | 0/12 00:00
      70/99      6.41G    0.03001    0.02507   0.004096        228        640:   0%|          | 0/12 00:00
      70/99      6.41G    0.03001    0.02507   0.004096        228        640:  17%|█▋        | 2/12 00:00
      70/99      6.41G    0.03071    0.02587   0.004082        292        640:  17%|█▋        | 2/12 00:00
      70/99      6.41G    0.03051    0.02681   0.003849        290        640:  17%|█▋        | 2/12 00:00
      70/99      6.41G    0.03051    0.02681   0.003849        290        640:  33%|███▎      | 4/12 00:00
      70/99      6.41G    0.03041    0.02749   0.004073        324        640:  33%|███▎      | 4/12 00:00
      70/99      6.41G    0.03047    0.02771   0.004134        302        640:  33%|███▎      | 4/12 00:00
      70/99      6.41G    0.03047    0.02771   0.004134        302        640:  50%|█████     | 6/12 00:00
      70/99      6.41G    0.03028     0.0273   0.004063        223        640:  50%|█████     | 6/12 00:00
      70/99      6.41G    0.03014    0.02655   0.003926        196        640:  50%|█████     | 6/12 00:00
      70/99      6.41G    0.03014    0.02655   0.003926        196        640:  67%|██████▋   | 8/12 00:00
      70/99      6.41G    0.02996    0.02666    0.00389        282        640:  67%|██████▋   | 8/12 00:00
      70/99      6.41G    0.03012    0.02707   0.003825        329        640:  67%|██████▋   | 8/12 00:01
      70/99      6.41G    0.03012    0.02707   0.003825        329        640:  83%|████████▎ | 10/12 00:01
      70/99      6.41G    0.03014    0.02743    0.00379        310        640:  83%|████████▎ | 10/12 00:01
      70/99      6.41G    0.03009    0.02751   0.003811        174        640:  83%|████████▎ | 10/12 00:01
      70/99      6.41G    0.03009    0.02751   0.003811        174        640: 100%|██████████| 12/12 00:01
      70/99      6.41G    0.03009    0.02751   0.003811        174        640: 100%|██████████| 12/12 00:01

                 Class     Images  Instances          P          R      mAP50   mAP50-95:   0%|          | 0/1 00:00
                 Class     Images  Instances          P          R      mAP50   mAP50-95: 100%|██████████| 1/1 00:00
                   all         17         71      0.985          1      0.995      0.672

      Epoch    GPU_mem   box_loss   obj_loss   cls_loss  Instances       Size

  0%|          | 0/12 00:00
      71/99      6.41G     0.0289    0.02641    0.00273        267        640:   0%|          | 0/12 00:00
      71/99      6.41G    0.02972    0.02432    0.00321        234        640:   0%|          | 0/12 00:00
      71/99      6.41G    0.02972    0.02432    0.00321        234        640:  17%|█▋        | 2/12 00:00
      71/99      6.41G    0.02954    0.02558   0.003373        283        640:  17%|█▋        | 2/12 00:00
      71/99      6.41G    0.02947    0.02637   0.003228        291        640:  17%|█▋        | 2/12 00:00
      71/99      6.41G    0.02947    0.02637   0.003228        291        640:  33%|███▎      | 4/12 00:00
      71/99      6.41G    0.02963    0.02728   0.003274        331        640:  33%|███▎      | 4/12 00:00
      71/99      6.41G    0.02976    0.02774   0.003291        329        640:  33%|███▎      | 4/12 00:00
      71/99      6.41G    0.02976    0.02774   0.003291        329        640:  50%|█████     | 6/12 00:00
      71/99      6.41G    0.02986    0.02767   0.003443        274        640:  50%|█████     | 6/12 00:00
      71/99      6.41G    0.02976    0.02757   0.003387        269        640:  50%|█████     | 6/12 00:00
      71/99      6.41G    0.02976    0.02757   0.003387        269        640:  67%|██████▋   | 8/12 00:00
      71/99      6.41G    0.02993    0.02801   0.003381        322        640:  67%|██████▋   | 8/12 00:00
      71/99      6.41G    0.03009    0.02785   0.003594        270        640:  67%|██████▋   | 8/12 00:01
      71/99      6.41G    0.03009    0.02785   0.003594        270        640:  83%|████████▎ | 10/12 00:01
      71/99      6.41G    0.02992    0.02751   0.003535        260        640:  83%|████████▎ | 10/12 00:01
      71/99      6.41G    0.02978    0.02739    0.00356        159        640:  83%|████████▎ | 10/12 00:01
      71/99      6.41G    0.02978    0.02739    0.00356        159        640: 100%|██████████| 12/12 00:01
      71/99      6.41G    0.02978    0.02739    0.00356        159        640: 100%|██████████| 12/12 00:01

                 Class     Images  Instances          P          R      mAP50   mAP50-95:   0%|          | 0/1 00:00
                 Class     Images  Instances          P          R      mAP50   mAP50-95: 100%|██████████| 1/1 00:00
                   all         17         71      0.969      0.986      0.976      0.631

      Epoch    GPU_mem   box_loss   obj_loss   cls_loss  Instances       Size

  0%|          | 0/12 00:00
      72/99      6.41G    0.03119    0.02699   0.003839        269        640:   0%|          | 0/12 00:00
      72/99      6.41G    0.03108    0.02512   0.003352        228        640:   0%|          | 0/12 00:00
      72/99      6.41G    0.03108    0.02512   0.003352        228        640:  17%|█▋        | 2/12 00:00
      72/99      6.41G    0.03063    0.02575   0.003722        280        640:  17%|█▋        | 2/12 00:00
      72/99      6.41G    0.03044    0.02681   0.003844        325        640:  17%|█▋        | 2/12 00:00
      72/99      6.41G    0.03044    0.02681   0.003844        325        640:  33%|███▎      | 4/12 00:00
      72/99      6.41G    0.02981    0.02676   0.003684        274        640:  33%|███▎      | 4/12 00:00
      72/99      6.41G    0.02957    0.02629   0.003729        256        640:  33%|███▎      | 4/12 00:00
      72/99      6.41G    0.02957    0.02629   0.003729        256        640:  50%|█████     | 6/12 00:00
      72/99      6.41G    0.02981    0.02602   0.003888        231        640:  50%|█████     | 6/12 00:00
      72/99      6.41G    0.02985    0.02603   0.003766        254        640:  50%|█████     | 6/12 00:00
      72/99      6.41G    0.02985    0.02603   0.003766        254        640:  67%|██████▋   | 8/12 00:00
      72/99      6.41G    0.02984    0.02575   0.003819        266        640:  67%|██████▋   | 8/12 00:00
      72/99      6.41G     0.0298    0.02629   0.003752        325        640:  67%|██████▋   | 8/12 00:01
      72/99      6.41G     0.0298    0.02629   0.003752        325        640:  83%|████████▎ | 10/12 00:01
      72/99      6.41G    0.02975    0.02609    0.00372        246        640:  83%|████████▎ | 10/12 00:01
      72/99      6.41G    0.02988    0.02607    0.00369        155        640:  83%|████████▎ | 10/12 00:01
      72/99      6.41G    0.02988    0.02607    0.00369        155        640: 100%|██████████| 12/12 00:01
      72/99      6.41G    0.02988    0.02607    0.00369        155        640: 100%|██████████| 12/12 00:01

                 Class     Images  Instances          P          R      mAP50   mAP50-95:   0%|          | 0/1 00:00
                 Class     Images  Instances          P          R      mAP50   mAP50-95: 100%|██████████| 1/1 00:00
                   all         17         71      0.986          1      0.995      0.667

      Epoch    GPU_mem   box_loss   obj_loss   cls_loss  Instances       Size

  0%|          | 0/12 00:00
      73/99      6.41G    0.02937    0.02898   0.004308        308        640:   0%|          | 0/12 00:00
      73/99      6.41G     0.0297    0.02735   0.003737        241        640:   0%|          | 0/12 00:00
      73/99      6.41G     0.0297    0.02735   0.003737        241        640:  17%|█▋        | 2/12 00:00
      73/99      6.41G    0.02951    0.02801   0.003666        294        640:  17%|█▋        | 2/12 00:00
      73/99      6.41G     0.0294     0.0271   0.003754        261        640:  17%|█▋        | 2/12 00:00
      73/99      6.41G     0.0294     0.0271   0.003754        261        640:  33%|███▎      | 4/12 00:00
      73/99      6.41G    0.02921    0.02673   0.003836        245        640:  33%|███▎      | 4/12 00:00
      73/99      6.41G    0.02929    0.02679   0.004199        293        640:  33%|███▎      | 4/12 00:00
      73/99      6.41G    0.02929    0.02679   0.004199        293        640:  50%|█████     | 6/12 00:00
      73/99      6.41G    0.02901    0.02667    0.00409        281        640:  50%|█████     | 6/12 00:00
      73/99      6.41G    0.02894     0.0269   0.004062        308        640:  50%|█████     | 6/12 00:00
      73/99      6.41G    0.02894     0.0269   0.004062        308        640:  67%|██████▋   | 8/12 00:00
      73/99      6.41G    0.02897    0.02687   0.004055        279        640:  67%|██████▋   | 8/12 00:00
      73/99      6.41G    0.02891    0.02714   0.003947        320        640:  67%|██████▋   | 8/12 00:01
      73/99      6.41G    0.02891    0.02714   0.003947        320        640:  83%|████████▎ | 10/12 00:01
      73/99      6.41G    0.02899    0.02722   0.003905        294        640:  83%|████████▎ | 10/12 00:01
      73/99      6.41G    0.02896    0.02759   0.003911        201        640:  83%|████████▎ | 10/12 00:01
      73/99      6.41G    0.02896    0.02759   0.003911        201        640: 100%|██████████| 12/12 00:01
      73/99      6.41G    0.02896    0.02759   0.003911        201        640: 100%|██████████| 12/12 00:01

                 Class     Images  Instances          P          R      mAP50   mAP50-95:   0%|          | 0/1 00:00
                 Class     Images  Instances          P          R      mAP50   mAP50-95: 100%|██████████| 1/1 00:00
                   all         17         71      0.981          1      0.995      0.667

      Epoch    GPU_mem   box_loss   obj_loss   cls_loss  Instances       Size

  0%|          | 0/12 00:00
      74/99      6.41G    0.02823    0.02865   0.003171        300        640:   0%|          | 0/12 00:00
      74/99      6.41G    0.02873    0.02912   0.003525        316        640:   0%|          | 0/12 00:00
      74/99      6.41G    0.02873    0.02912   0.003525        316        640:  17%|█▋        | 2/12 00:00
      74/99      6.41G    0.02921    0.02898    0.00335        300        640:  17%|█▋        | 2/12 00:00
      74/99      6.41G     0.0289     0.0291   0.003287        310        640:  17%|█▋        | 2/12 00:00
      74/99      6.41G     0.0289     0.0291   0.003287        310        640:  33%|███▎      | 4/12 00:00
      74/99      6.41G    0.02913    0.02892   0.003225        279        640:  33%|███▎      | 4/12 00:00
      74/99      6.41G    0.02902    0.02882   0.003246        305        640:  33%|███▎      | 4/12 00:00
      74/99      6.41G    0.02902    0.02882   0.003246        305        640:  50%|█████     | 6/12 00:00
      74/99      6.41G    0.02914    0.02847   0.003365        277        640:  50%|█████     | 6/12 00:00
      74/99      6.41G    0.02958    0.02894     0.0035        342        640:  50%|█████     | 6/12 00:00
      74/99      6.41G    0.02958    0.02894     0.0035        342        640:  67%|██████▋   | 8/12 00:00
      74/99      6.41G    0.02966    0.02895   0.003522        281        640:  67%|██████▋   | 8/12 00:00
      74/99      6.41G    0.02941    0.02844   0.003635        268        640:  67%|██████▋   | 8/12 00:01
      74/99      6.41G    0.02941    0.02844   0.003635        268        640:  83%|████████▎ | 10/12 00:01
      74/99      6.41G    0.02942    0.02823   0.003591        271        640:  83%|████████▎ | 10/12 00:01
      74/99      6.41G    0.02928    0.02795   0.003572        157        640:  83%|████████▎ | 10/12 00:01
      74/99      6.41G    0.02928    0.02795   0.003572        157        640: 100%|██████████| 12/12 00:01
      74/99      6.41G    0.02928    0.02795   0.003572        157        640: 100%|██████████| 12/12 00:01

                 Class     Images  Instances          P          R      mAP50   mAP50-95:   0%|          | 0/1 00:00
                 Class     Images  Instances          P          R      mAP50   mAP50-95: 100%|██████████| 1/1 00:00
                   all         17         71      0.985          1      0.995      0.675

      Epoch    GPU_mem   box_loss   obj_loss   cls_loss  Instances       Size

  0%|          | 0/12 00:00
      75/99      6.41G    0.02955     0.0316   0.003687        331        640:   0%|          | 0/12 00:00
      75/99      6.41G     0.0294     0.0319   0.003843        371        640:   0%|          | 0/12 00:00
      75/99      6.41G     0.0294     0.0319   0.003843        371        640:  17%|█▋        | 2/12 00:00
      75/99      6.41G    0.03004     0.0299    0.00431        266        640:  17%|█▋        | 2/12 00:00
      75/99      6.41G    0.02948    0.02816   0.003986        240        640:  17%|█▋        | 2/12 00:00
      75/99      6.41G    0.02948    0.02816   0.003986        240        640:  33%|███▎      | 4/12 00:00
      75/99      6.41G    0.02951    0.02837    0.00372        320        640:  33%|███▎      | 4/12 00:00
      75/99      6.41G    0.02955    0.02817   0.003692        272        640:  33%|███▎      | 4/12 00:00
      75/99      6.41G    0.02955    0.02817   0.003692        272        640:  50%|█████     | 6/12 00:00
      75/99      6.41G    0.02936      0.028   0.003572        293        640:  50%|█████     | 6/12 00:00
      75/99      6.41G    0.02944    0.02853    0.00357        337        640:  50%|█████     | 6/12 00:00
      75/99      6.41G    0.02944    0.02853    0.00357        337        640:  67%|██████▋   | 8/12 00:00
      75/99      6.41G    0.02949    0.02833   0.003637        300        640:  67%|██████▋   | 8/12 00:00
      75/99      6.41G    0.02943    0.02803     0.0036        265        640:  67%|██████▋   | 8/12 00:01
      75/99      6.41G    0.02943    0.02803     0.0036        265        640:  83%|████████▎ | 10/12 00:01
      75/99      6.41G    0.02941    0.02779   0.003546        269        640:  83%|████████▎ | 10/12 00:01
      75/99      6.41G    0.02931    0.02771   0.003541        168        640:  83%|████████▎ | 10/12 00:01
      75/99      6.41G    0.02931    0.02771   0.003541        168        640: 100%|██████████| 12/12 00:01
      75/99      6.41G    0.02931    0.02771   0.003541        168        640: 100%|██████████| 12/12 00:01

                 Class     Images  Instances          P          R      mAP50   mAP50-95:   0%|          | 0/1 00:00
                 Class     Images  Instances          P          R      mAP50   mAP50-95: 100%|██████████| 1/1 00:00
                   all         17         71      0.986          1      0.995      0.684

      Epoch    GPU_mem   box_loss   obj_loss   cls_loss  Instances       Size

  0%|          | 0/12 00:00
      76/99      6.41G    0.02965    0.03215   0.003161        354        640:   0%|          | 0/12 00:00
      76/99      6.41G    0.02797    0.02857   0.002737        244        640:   0%|          | 0/12 00:00
      76/99      6.41G    0.02797    0.02857   0.002737        244        640:  17%|█▋        | 2/12 00:00
      76/99      6.41G    0.02881    0.02903   0.002897        272        640:  17%|█▋        | 2/12 00:00
      76/99      6.41G    0.02901    0.02854   0.002974        293        640:  17%|█▋        | 2/12 00:00
      76/99      6.41G    0.02901    0.02854   0.002974        293        640:  33%|███▎      | 4/12 00:00
      76/99      6.41G    0.02943    0.02903   0.002982        337        640:  33%|███▎      | 4/12 00:00
      76/99      6.41G    0.02965    0.02907   0.003113        334        640:  33%|███▎      | 4/12 00:00
      76/99      6.41G    0.02965    0.02907   0.003113        334        640:  50%|█████     | 6/12 00:00
      76/99      6.41G    0.02978    0.02843   0.003263        266        640:  50%|█████     | 6/12 00:00
      76/99      6.41G    0.02945    0.02822   0.003204        297        640:  50%|█████     | 6/12 00:00
      76/99      6.41G    0.02945    0.02822   0.003204        297        640:  67%|██████▋   | 8/12 00:00
      76/99      6.41G    0.02949     0.0282   0.003264        297        640:  67%|██████▋   | 8/12 00:00
      76/99      6.41G    0.02927     0.0281   0.003202        280        640:  67%|██████▋   | 8/12 00:01
      76/99      6.41G    0.02927     0.0281   0.003202        280        640:  83%|████████▎ | 10/12 00:01
      76/99      6.41G    0.02927    0.02775   0.003175        273        640:  83%|████████▎ | 10/12 00:01
      76/99      6.41G    0.02938    0.02821   0.003324        196        640:  83%|████████▎ | 10/12 00:01
      76/99      6.41G    0.02938    0.02821   0.003324        196        640: 100%|██████████| 12/12 00:01
      76/99      6.41G    0.02938    0.02821   0.003324        196        640: 100%|██████████| 12/12 00:01

                 Class     Images  Instances          P          R      mAP50   mAP50-95:   0%|          | 0/1 00:00
                 Class     Images  Instances          P          R      mAP50   mAP50-95: 100%|██████████| 1/1 00:00
                   all         17         71      0.985          1      0.995      0.682

      Epoch    GPU_mem   box_loss   obj_loss   cls_loss  Instances       Size

  0%|          | 0/12 00:00
      77/99      6.41G    0.02694     0.0261   0.002992        274        640:   0%|          | 0/12 00:00
      77/99      6.41G    0.02833    0.02703   0.003256        293        640:   0%|          | 0/12 00:00
      77/99      6.41G    0.02833    0.02703   0.003256        293        640:  17%|█▋        | 2/12 00:00
      77/99      6.41G    0.02958    0.02756   0.003835        294        640:  17%|█▋        | 2/12 00:00
      77/99      6.41G    0.02961    0.02655   0.003745        255        640:  17%|█▋        | 2/12 00:00
      77/99      6.41G    0.02961    0.02655   0.003745        255        640:  33%|███▎      | 4/12 00:00
      77/99      6.41G    0.02929    0.02723   0.003547        336        640:  33%|███▎      | 4/12 00:00
      77/99      6.41G    0.02903      0.027   0.003786        257        640:  33%|███▎      | 4/12 00:00
      77/99      6.41G    0.02903      0.027   0.003786        257        640:  50%|█████     | 6/12 00:00
      77/99      6.41G    0.02887    0.02721   0.003638        303        640:  50%|█████     | 6/12 00:00
      77/99      6.41G    0.02884    0.02705   0.003541        276        640:  50%|█████     | 6/12 00:00
      77/99      6.41G    0.02884    0.02705   0.003541        276        640:  67%|██████▋   | 8/12 00:00
      77/99      6.41G    0.02877    0.02732   0.003483        308        640:  67%|██████▋   | 8/12 00:01
      77/99      6.41G    0.02903    0.02777    0.00345        348        640:  67%|██████▋   | 8/12 00:01
      77/99      6.41G    0.02903    0.02777    0.00345        348        640:  83%|████████▎ | 10/12 00:01
      77/99      6.41G     0.0289    0.02792   0.003399        320        640:  83%|████████▎ | 10/12 00:01
      77/99      6.41G    0.02901    0.02814   0.003432        200        640:  83%|████████▎ | 10/12 00:01
      77/99      6.41G    0.02901    0.02814   0.003432        200        640: 100%|██████████| 12/12 00:01
      77/99      6.41G    0.02901    0.02814   0.003432        200        640: 100%|██████████| 12/12 00:01

                 Class     Images  Instances          P          R      mAP50   mAP50-95:   0%|          | 0/1 00:00
                 Class     Images  Instances          P          R      mAP50   mAP50-95: 100%|██████████| 1/1 00:00
                   all         17         71      0.987          1      0.995      0.689

      Epoch    GPU_mem   box_loss   obj_loss   cls_loss  Instances       Size

  0%|          | 0/12 00:00
      78/99      6.41G    0.02674    0.02796   0.002764        312        640:   0%|          | 0/12 00:00
      78/99      6.41G    0.02686    0.02615   0.002891        231        640:   0%|          | 0/12 00:00
      78/99      6.41G    0.02686    0.02615   0.002891        231        640:  17%|█▋        | 2/12 00:00
      78/99      6.41G    0.02737    0.02532   0.003334        282        640:  17%|█▋        | 2/12 00:00
      78/99      6.41G    0.02784    0.02608   0.003295        299        640:  17%|█▋        | 2/12 00:00
      78/99      6.41G    0.02784    0.02608   0.003295        299        640:  33%|███▎      | 4/12 00:00
      78/99      6.41G    0.02786    0.02683   0.003307        347        640:  33%|███▎      | 4/12 00:00
      78/99      6.41G    0.02781    0.02598   0.003423        218        640:  33%|███▎      | 4/12 00:00
      78/99      6.41G    0.02781    0.02598   0.003423        218        640:  50%|█████     | 6/12 00:00
      78/99      6.41G    0.02789    0.02592   0.003326        281        640:  50%|█████     | 6/12 00:00
      78/99      6.41G    0.02786    0.02601   0.003338        297        640:  50%|█████     | 6/12 00:00
      78/99      6.41G    0.02786    0.02601   0.003338        297        640:  67%|██████▋   | 8/12 00:00
      78/99      6.41G    0.02801    0.02618   0.003371        288        640:  67%|██████▋   | 8/12 00:00
      78/99      6.41G    0.02799    0.02613   0.003366        266        640:  67%|██████▋   | 8/12 00:01
      78/99      6.41G    0.02799    0.02613   0.003366        266        640:  83%|████████▎ | 10/12 00:01
      78/99      6.41G    0.02809    0.02666   0.003606        328        640:  83%|████████▎ | 10/12 00:01
      78/99      6.41G    0.02829    0.02745   0.003725        226        640:  83%|████████▎ | 10/12 00:01
      78/99      6.41G    0.02829    0.02745   0.003725        226        640: 100%|██████████| 12/12 00:01
      78/99      6.41G    0.02829    0.02745   0.003725        226        640: 100%|██████████| 12/12 00:01

                 Class     Images  Instances          P          R      mAP50   mAP50-95:   0%|          | 0/1 00:00
                 Class     Images  Instances          P          R      mAP50   mAP50-95: 100%|██████████| 1/1 00:00
                   all         17         71      0.987          1      0.995      0.679

      Epoch    GPU_mem   box_loss   obj_loss   cls_loss  Instances       Size

  0%|          | 0/12 00:00
      79/99      6.41G    0.02738    0.02602   0.002718        301        640:   0%|          | 0/12 00:00
      79/99      6.41G    0.02814    0.02745   0.003426        319        640:   0%|          | 0/12 00:00
      79/99      6.41G    0.02814    0.02745   0.003426        319        640:  17%|█▋        | 2/12 00:00
      79/99      6.41G    0.02821    0.02625   0.003123        236        640:  17%|█▋        | 2/12 00:00
      79/99      6.41G    0.02791    0.02534   0.002943        250        640:  17%|█▋        | 2/12 00:00
      79/99      6.41G    0.02791    0.02534   0.002943        250        640:  33%|███▎      | 4/12 00:00
      79/99      6.41G     0.0281    0.02612   0.002972        324        640:  33%|███▎      | 4/12 00:00
      79/99      6.41G    0.02811    0.02669   0.003082        332        640:  33%|███▎      | 4/12 00:00
      79/99      6.41G    0.02811    0.02669   0.003082        332        640:  50%|█████     | 6/12 00:00
      79/99      6.41G    0.02822    0.02723   0.003056        333        640:  50%|█████     | 6/12 00:00
      79/99      6.41G    0.02847    0.02743    0.00311        291        640:  50%|█████     | 6/12 00:00
      79/99      6.41G    0.02847    0.02743    0.00311        291        640:  67%|██████▋   | 8/12 00:00
      79/99      6.41G    0.02851    0.02717   0.003146        262        640:  67%|██████▋   | 8/12 00:00
      79/99      6.41G    0.02856    0.02685   0.003163        235        640:  67%|██████▋   | 8/12 00:01
      79/99      6.41G    0.02856    0.02685   0.003163        235        640:  83%|████████▎ | 10/12 00:01
      79/99      6.41G    0.02854    0.02665   0.003134        239        640:  83%|████████▎ | 10/12 00:01
      79/99      6.41G    0.02886    0.02788   0.003298        247        640:  83%|████████▎ | 10/12 00:01
      79/99      6.41G    0.02886    0.02788   0.003298        247        640: 100%|██████████| 12/12 00:01
      79/99      6.41G    0.02886    0.02788   0.003298        247        640: 100%|██████████| 12/12 00:01

                 Class     Images  Instances          P          R      mAP50   mAP50-95:   0%|          | 0/1 00:00
                 Class     Images  Instances          P          R      mAP50   mAP50-95: 100%|██████████| 1/1 00:00
                   all         17         71      0.984      0.991      0.995      0.683

      Epoch    GPU_mem   box_loss   obj_loss   cls_loss  Instances       Size

  0%|          | 0/12 00:00
      80/99      6.41G    0.02723    0.02764   0.002828        294        640:   0%|          | 0/12 00:00
      80/99      6.41G    0.02661    0.02742   0.002681        285        640:   0%|          | 0/12 00:00
      80/99      6.41G    0.02661    0.02742   0.002681        285        640:  17%|█▋        | 2/12 00:00
      80/99      6.41G    0.02717    0.02585   0.002881        246        640:  17%|█▋        | 2/12 00:00
      80/99      6.41G     0.0273    0.02628   0.002913        294        640:  17%|█▋        | 2/12 00:00
      80/99      6.41G     0.0273    0.02628   0.002913        294        640:  33%|███▎      | 4/12 00:00
      80/99      6.41G    0.02758    0.02638   0.002953        264        640:  33%|███▎      | 4/12 00:00
      80/99      6.41G    0.02777    0.02768   0.003113        379        640:  33%|███▎      | 4/12 00:00
      80/99      6.41G    0.02777    0.02768   0.003113        379        640:  50%|█████     | 6/12 00:00
      80/99      6.41G      0.028    0.02759   0.003129        268        640:  50%|█████     | 6/12 00:00
      80/99      6.41G      0.028    0.02767   0.003106        298        640:  50%|█████     | 6/12 00:00
      80/99      6.41G      0.028    0.02767   0.003106        298        640:  67%|██████▋   | 8/12 00:00
      80/99      6.41G    0.02808    0.02777   0.003176        324        640:  67%|██████▋   | 8/12 00:00
      80/99      6.41G    0.02796    0.02743   0.003158        259        640:  67%|██████▋   | 8/12 00:01
      80/99      6.41G    0.02796    0.02743   0.003158        259        640:  83%|████████▎ | 10/12 00:01
      80/99      6.41G      0.028    0.02741    0.00313        285        640:  83%|████████▎ | 10/12 00:01
      80/99      6.41G    0.02794    0.02691   0.003028        133        640:  83%|████████▎ | 10/12 00:01
      80/99      6.41G    0.02794    0.02691   0.003028        133        640: 100%|██████████| 12/12 00:01
      80/99      6.41G    0.02794    0.02691   0.003028        133        640: 100%|██████████| 12/12 00:01

                 Class     Images  Instances          P          R      mAP50   mAP50-95:   0%|          | 0/1 00:00
                 Class     Images  Instances          P          R      mAP50   mAP50-95: 100%|██████████| 1/1 00:00
                   all         17         71      0.986          1      0.995      0.682

      Epoch    GPU_mem   box_loss   obj_loss   cls_loss  Instances       Size

  0%|          | 0/12 00:00
      81/99      6.41G    0.02875    0.02763   0.002591        300        640:   0%|          | 0/12 00:00
      81/99      6.41G    0.02869    0.02771   0.002943        282        640:   0%|          | 0/12 00:00
      81/99      6.41G    0.02869    0.02771   0.002943        282        640:  17%|█▋        | 2/12 00:00
      81/99      6.41G     0.0287    0.02934   0.003482        359        640:  17%|█▋        | 2/12 00:00
      81/99      6.41G    0.02908    0.02807   0.003512        232        640:  17%|█▋        | 2/12 00:00
      81/99      6.41G    0.02908    0.02807   0.003512        232        640:  33%|███▎      | 4/12 00:00
      81/99      6.41G    0.02957    0.02891   0.003666        340        640:  33%|███▎      | 4/12 00:00
      81/99      6.41G    0.02965    0.02832   0.003709        281        640:  33%|███▎      | 4/12 00:00
      81/99      6.41G    0.02965    0.02832   0.003709        281        640:  50%|█████     | 6/12 00:00
      81/99      6.41G      0.029    0.02818   0.003646        320        640:  50%|█████     | 6/12 00:00
      81/99      6.41G    0.02874    0.02746    0.00359        228        640:  50%|█████     | 6/12 00:00
      81/99      6.41G    0.02874    0.02746    0.00359        228        640:  67%|██████▋   | 8/12 00:00
      81/99      6.41G     0.0287    0.02705   0.003604        266        640:  67%|██████▋   | 8/12 00:00
      81/99      6.41G    0.02866    0.02676   0.003468        257        640:  67%|██████▋   | 8/12 00:01
      81/99      6.41G    0.02866    0.02676   0.003468        257        640:  83%|████████▎ | 10/12 00:01
      81/99      6.41G    0.02858    0.02685   0.003461        310        640:  83%|████████▎ | 10/12 00:01
      81/99      6.41G    0.02858    0.02677    0.00356        161        640:  83%|████████▎ | 10/12 00:01
      81/99      6.41G    0.02858    0.02677    0.00356        161        640: 100%|██████████| 12/12 00:01
      81/99      6.41G    0.02858    0.02677    0.00356        161        640: 100%|██████████| 12/12 00:01

                 Class     Images  Instances          P          R      mAP50   mAP50-95:   0%|          | 0/1 00:00
                 Class     Images  Instances          P          R      mAP50   mAP50-95: 100%|██████████| 1/1 00:00
                   all         17         71      0.986          1      0.995      0.694

      Epoch    GPU_mem   box_loss   obj_loss   cls_loss  Instances       Size

  0%|          | 0/12 00:00
      82/99      6.41G    0.02642    0.02416   0.002632        271        640:   0%|          | 0/12 00:00
      82/99      6.41G    0.02652    0.02484   0.002793        291        640:   0%|          | 0/12 00:00
      82/99      6.41G    0.02652    0.02484   0.002793        291        640:  17%|█▋        | 2/12 00:00
      82/99      6.41G    0.02703    0.02565   0.002759        302        640:  17%|█▋        | 2/12 00:00
      82/99      6.41G    0.02734    0.02715   0.002822        339        640:  17%|█▋        | 2/12 00:00
      82/99      6.41G    0.02734    0.02715   0.002822        339        640:  33%|███▎      | 4/12 00:00
      82/99      6.41G    0.02753    0.02729   0.002916        299        640:  33%|███▎      | 4/12 00:00
      82/99      6.41G    0.02733    0.02764   0.002818        331        640:  33%|███▎      | 4/12 00:00
      82/99      6.41G    0.02733    0.02764   0.002818        331        640:  50%|█████     | 6/12 00:00
      82/99      6.41G    0.02724    0.02761   0.002775        297        640:  50%|█████     | 6/12 00:00
      82/99      6.41G    0.02722    0.02768   0.002781        288        640:  50%|█████     | 6/12 00:00
      82/99      6.41G    0.02722    0.02768   0.002781        288        640:  67%|██████▋   | 8/12 00:00
      82/99      6.41G    0.02734    0.02747   0.002821        274        640:  67%|██████▋   | 8/12 00:00
      82/99      6.41G    0.02743    0.02733   0.002951        257        640:  67%|██████▋   | 8/12 00:01
      82/99      6.41G    0.02743    0.02733   0.002951        257        640:  83%|████████▎ | 10/12 00:01
      82/99      6.41G    0.02753    0.02757   0.002986        326        640:  83%|████████▎ | 10/12 00:01
      82/99      6.41G    0.02736    0.02701   0.002928        127        640:  83%|████████▎ | 10/12 00:01
      82/99      6.41G    0.02736    0.02701   0.002928        127        640: 100%|██████████| 12/12 00:01
      82/99      6.41G    0.02736    0.02701   0.002928        127        640: 100%|██████████| 12/12 00:01

                 Class     Images  Instances          P          R      mAP50   mAP50-95:   0%|          | 0/1 00:00
                 Class     Images  Instances          P          R      mAP50   mAP50-95: 100%|██████████| 1/1 00:00
                   all         17         71      0.986          1      0.995      0.692

      Epoch    GPU_mem   box_loss   obj_loss   cls_loss  Instances       Size

  0%|          | 0/12 00:00
      83/99      6.41G     0.0274    0.02074   0.002879        222        640:   0%|          | 0/12 00:00
      83/99      6.41G    0.02744    0.02285   0.002935        240        640:   0%|          | 0/12 00:00
      83/99      6.41G    0.02744    0.02285   0.002935        240        640:  17%|█▋        | 2/12 00:00
      83/99      6.41G    0.02748    0.02565   0.002934        332        640:  17%|█▋        | 2/12 00:00
      83/99      6.41G    0.02739    0.02724   0.002866        338        640:  17%|█▋        | 2/12 00:00
      83/99      6.41G    0.02739    0.02724   0.002866        338        640:  33%|███▎      | 4/12 00:00
      83/99      6.41G     0.0272    0.02671   0.003273        259        640:  33%|███▎      | 4/12 00:00
      83/99      6.41G     0.0271     0.0259   0.003058        213        640:  33%|███▎      | 4/12 00:00
      83/99      6.41G     0.0271     0.0259   0.003058        213        640:  50%|█████     | 6/12 00:00
      83/99      6.41G    0.02701    0.02523   0.002903        216        640:  50%|█████     | 6/12 00:00
      83/99      6.41G    0.02705    0.02535   0.002985        281        640:  50%|█████     | 6/12 00:00
      83/99      6.41G    0.02705    0.02535   0.002985        281        640:  67%|██████▋   | 8/12 00:00
      83/99      6.41G    0.02734    0.02536   0.003026        272        640:  67%|██████▋   | 8/12 00:00
      83/99      6.41G    0.02743    0.02538   0.003056        268        640:  67%|██████▋   | 8/12 00:01
      83/99      6.41G    0.02743    0.02538   0.003056        268        640:  83%|████████▎ | 10/12 00:01
      83/99      6.41G    0.02743    0.02549    0.00301        294        640:  83%|████████▎ | 10/12 00:01
      83/99      6.41G    0.02738    0.02534   0.002896        141        640:  83%|████████▎ | 10/12 00:01
      83/99      6.41G    0.02738    0.02534   0.002896        141        640: 100%|██████████| 12/12 00:01
      83/99      6.41G    0.02738    0.02534   0.002896        141        640: 100%|██████████| 12/12 00:01

                 Class     Images  Instances          P          R      mAP50   mAP50-95:   0%|          | 0/1 00:00
                 Class     Images  Instances          P          R      mAP50   mAP50-95: 100%|██████████| 1/1 00:00
                   all         17         71      0.986          1      0.995      0.671

      Epoch    GPU_mem   box_loss   obj_loss   cls_loss  Instances       Size

  0%|          | 0/12 00:00
      84/99      6.41G    0.02782     0.0257   0.002872        248        640:   0%|          | 0/12 00:00
      84/99      6.41G    0.02808    0.02557   0.003094        270        640:   0%|          | 0/12 00:00
      84/99      6.41G    0.02808    0.02557   0.003094        270        640:  17%|█▋        | 2/12 00:00
      84/99      6.41G    0.02827    0.02622   0.003223        306        640:  17%|█▋        | 2/12 00:00
      84/99      6.41G    0.02794    0.02559   0.003156        252        640:  17%|█▋        | 2/12 00:00
      84/99      6.41G    0.02794    0.02559   0.003156        252        640:  33%|███▎      | 4/12 00:00
      84/99      6.41G    0.02826    0.02618   0.003336        325        640:  33%|███▎      | 4/12 00:00
      84/99      6.41G    0.02795    0.02587   0.003425        236        640:  33%|███▎      | 4/12 00:00
      84/99      6.41G    0.02795    0.02587   0.003425        236        640:  50%|█████     | 6/12 00:00
      84/99      6.41G    0.02765    0.02572   0.003371        274        640:  50%|█████     | 6/12 00:00
      84/99      6.41G     0.0276    0.02579   0.003297        282        640:  50%|█████     | 6/12 00:00
      84/99      6.41G     0.0276    0.02579   0.003297        282        640:  67%|██████▋   | 8/12 00:00
      84/99      6.41G    0.02763    0.02565   0.003303        270        640:  67%|██████▋   | 8/12 00:00
      84/99      6.41G    0.02758    0.02537   0.003256        203        640:  67%|██████▋   | 8/12 00:01
      84/99      6.41G    0.02758    0.02537   0.003256        203        640:  83%|████████▎ | 10/12 00:01
      84/99      6.41G    0.02756    0.02552   0.003193        257        640:  83%|████████▎ | 10/12 00:01
      84/99      6.41G    0.02744    0.02548   0.003096        165        640:  83%|████████▎ | 10/12 00:01
      84/99      6.41G    0.02744    0.02548   0.003096        165        640: 100%|██████████| 12/12 00:01
      84/99      6.41G    0.02744    0.02548   0.003096        165        640: 100%|██████████| 12/12 00:01

                 Class     Images  Instances          P          R      mAP50   mAP50-95:   0%|          | 0/1 00:00
                 Class     Images  Instances          P          R      mAP50   mAP50-95: 100%|██████████| 1/1 00:00
                   all         17         71      0.986          1      0.995      0.688

      Epoch    GPU_mem   box_loss   obj_loss   cls_loss  Instances       Size

  0%|          | 0/12 00:00
      85/99      6.41G    0.02677    0.02892    0.00203        315        640:   0%|          | 0/12 00:00
      85/99      6.41G     0.0267    0.02713   0.002034        266        640:   0%|          | 0/12 00:00
      85/99      6.41G     0.0267    0.02713   0.002034        266        640:  17%|█▋        | 2/12 00:00
      85/99      6.41G    0.02685    0.02545   0.002726        228        640:  17%|█▋        | 2/12 00:00
      85/99      6.41G    0.02621    0.02473   0.002592        245        640:  17%|█▋        | 2/12 00:00
      85/99      6.41G    0.02621    0.02473   0.002592        245        640:  33%|███▎      | 4/12 00:00
      85/99      6.41G    0.02642    0.02541   0.002524        324        640:  33%|███▎      | 4/12 00:00
      85/99      6.41G    0.02669    0.02545   0.002584        268        640:  33%|███▎      | 4/12 00:00
      85/99      6.41G    0.02669    0.02545   0.002584        268        640:  50%|█████     | 6/12 00:00
      85/99      6.41G    0.02666    0.02565   0.002653        286        640:  50%|█████     | 6/12 00:00
      85/99      6.41G    0.02688    0.02569   0.002644        255        640:  50%|█████     | 6/12 00:00
      85/99      6.41G    0.02688    0.02569   0.002644        255        640:  67%|██████▋   | 8/12 00:00
      85/99      6.41G    0.02684    0.02591   0.002713        299        640:  67%|██████▋   | 8/12 00:00
      85/99      6.41G    0.02683    0.02559    0.00271        234        640:  67%|██████▋   | 8/12 00:01
      85/99      6.41G    0.02683    0.02559    0.00271        234        640:  83%|████████▎ | 10/12 00:01
      85/99      6.41G    0.02706     0.0259    0.00279        325        640:  83%|████████▎ | 10/12 00:01
      85/99      6.41G    0.02697    0.02575   0.002786        145        640:  83%|████████▎ | 10/12 00:01
      85/99      6.41G    0.02697    0.02575   0.002786        145        640: 100%|██████████| 12/12 00:01
      85/99      6.41G    0.02697    0.02575   0.002786        145        640: 100%|██████████| 12/12 00:01

                 Class     Images  Instances          P          R      mAP50   mAP50-95:   0%|          | 0/1 00:00
                 Class     Images  Instances          P          R      mAP50   mAP50-95: 100%|██████████| 1/1 00:00
                   all         17         71      0.984          1      0.995       0.68

      Epoch    GPU_mem   box_loss   obj_loss   cls_loss  Instances       Size

  0%|          | 0/12 00:00
      86/99      6.41G    0.02641    0.02462   0.002324        255        640:   0%|          | 0/12 00:00
      86/99      6.41G    0.02688    0.02582   0.002393        276        640:   0%|          | 0/12 00:00
      86/99      6.41G    0.02688    0.02582   0.002393        276        640:  17%|█▋        | 2/12 00:00
      86/99      6.41G    0.02703    0.02536   0.002744        274        640:  17%|█▋        | 2/12 00:00
      86/99      6.41G      0.027     0.0249   0.002858        214        640:  17%|█▋        | 2/12 00:00
      86/99      6.41G      0.027     0.0249   0.002858        214        640:  33%|███▎      | 4/12 00:00
      86/99      6.41G    0.02701    0.02579   0.003114        322        640:  33%|███▎      | 4/12 00:00
      86/99      6.41G    0.02715    0.02591   0.003047        302        640:  33%|███▎      | 4/12 00:00
      86/99      6.41G    0.02715    0.02591   0.003047        302        640:  50%|█████     | 6/12 00:00
      86/99      6.41G     0.0272    0.02598   0.003287        290        640:  50%|█████     | 6/12 00:00
      86/99      6.41G     0.0272    0.02662   0.003238        372        640:  50%|█████     | 6/12 00:00
      86/99      6.41G     0.0272    0.02662   0.003238        372        640:  67%|██████▋   | 8/12 00:00
      86/99      6.41G    0.02738    0.02617   0.003265        239        640:  67%|██████▋   | 8/12 00:01
      86/99      6.41G    0.02741    0.02606   0.003242        280        640:  67%|██████▋   | 8/12 00:01
      86/99      6.41G    0.02741    0.02606   0.003242        280        640:  83%|████████▎ | 10/12 00:01
      86/99      6.41G    0.02739    0.02575   0.003191        210        640:  83%|████████▎ | 10/12 00:01
      86/99      6.41G    0.02743    0.02635   0.003126        190        640:  83%|████████▎ | 10/12 00:01
      86/99      6.41G    0.02743    0.02635   0.003126        190        640: 100%|██████████| 12/12 00:01
      86/99      6.41G    0.02743    0.02635   0.003126        190        640: 100%|██████████| 12/12 00:01

                 Class     Images  Instances          P          R      mAP50   mAP50-95:   0%|          | 0/1 00:00
                 Class     Images  Instances          P          R      mAP50   mAP50-95: 100%|██████████| 1/1 00:00
                   all         17         71      0.985          1      0.995      0.676

      Epoch    GPU_mem   box_loss   obj_loss   cls_loss  Instances       Size

  0%|          | 0/12 00:00
      87/99      6.41G    0.02664    0.02721   0.002923        254        640:   0%|          | 0/12 00:00
      87/99      6.41G    0.02699      0.026   0.002976        267        640:   0%|          | 0/12 00:00
      87/99      6.41G    0.02699      0.026   0.002976        267        640:  17%|█▋        | 2/12 00:00
      87/99      6.41G    0.02641    0.02545   0.002825        285        640:  17%|█▋        | 2/12 00:00
      87/99      6.41G    0.02653    0.02584   0.002739        310        640:  17%|█▋        | 2/12 00:00
      87/99      6.41G    0.02653    0.02584   0.002739        310        640:  33%|███▎      | 4/12 00:00
      87/99      6.41G    0.02667    0.02695   0.002861        359        640:  33%|███▎      | 4/12 00:00
      87/99      6.41G     0.0269    0.02691   0.002879        281        640:  33%|███▎      | 4/12 00:00
      87/99      6.41G     0.0269    0.02691   0.002879        281        640:  50%|█████     | 6/12 00:00
      87/99      6.41G    0.02688    0.02681   0.002814        289        640:  50%|█████     | 6/12 00:00
      87/99      6.41G    0.02702     0.0267   0.002841        289        640:  50%|█████     | 6/12 00:00
      87/99      6.41G    0.02702     0.0267   0.002841        289        640:  67%|██████▋   | 8/12 00:00
      87/99      6.41G    0.02713    0.02621   0.002882        233        640:  67%|██████▋   | 8/12 00:00
      87/99      6.41G    0.02709     0.0267   0.002888        371        640:  67%|██████▋   | 8/12 00:01
      87/99      6.41G    0.02709     0.0267   0.002888        371        640:  83%|████████▎ | 10/12 00:01
      87/99      6.41G    0.02719    0.02664    0.00299        276        640:  83%|████████▎ | 10/12 00:01
      87/99      6.41G    0.02706     0.0262    0.00295        142        640:  83%|████████▎ | 10/12 00:01
      87/99      6.41G    0.02706     0.0262    0.00295        142        640: 100%|██████████| 12/12 00:01
      87/99      6.41G    0.02706     0.0262    0.00295        142        640: 100%|██████████| 12/12 00:01

                 Class     Images  Instances          P          R      mAP50   mAP50-95:   0%|          | 0/1 00:00
                 Class     Images  Instances          P          R      mAP50   mAP50-95: 100%|██████████| 1/1 00:00
                   all         17         71      0.988          1      0.995      0.693

      Epoch    GPU_mem   box_loss   obj_loss   cls_loss  Instances       Size

  0%|          | 0/12 00:00
      88/99      6.41G    0.02771     0.0262   0.003475        285        640:   0%|          | 0/12 00:00
      88/99      6.41G    0.02797    0.02959   0.003386        357        640:   0%|          | 0/12 00:00
      88/99      6.41G    0.02797    0.02959   0.003386        357        640:  17%|█▋        | 2/12 00:00
      88/99      6.41G    0.02733    0.02785   0.003237        266        640:  17%|█▋        | 2/12 00:00
      88/99      6.41G    0.02753    0.02844   0.003057        339        640:  17%|█▋        | 2/12 00:00
      88/99      6.41G    0.02753    0.02844   0.003057        339        640:  33%|███▎      | 4/12 00:00
      88/99      6.41G    0.02745    0.02723   0.003313        236        640:  33%|███▎      | 4/12 00:00
      88/99      6.41G    0.02719    0.02691   0.003169        268        640:  33%|███▎      | 4/12 00:00
      88/99      6.41G    0.02719    0.02691   0.003169        268        640:  50%|█████     | 6/12 00:00
      88/99      6.41G    0.02746    0.02685   0.003137        270        640:  50%|█████     | 6/12 00:00
      88/99      6.41G    0.02728    0.02649   0.003214        284        640:  50%|█████     | 6/12 00:00
      88/99      6.41G    0.02728    0.02649   0.003214        284        640:  67%|██████▋   | 8/12 00:00
      88/99      6.41G    0.02718    0.02653   0.003076        301        640:  67%|██████▋   | 8/12 00:00
      88/99      6.41G    0.02699    0.02629   0.003082        258        640:  67%|██████▋   | 8/12 00:01
      88/99      6.41G    0.02699    0.02629   0.003082        258        640:  83%|████████▎ | 10/12 00:01
      88/99      6.41G    0.02701    0.02688   0.003149        340        640:  83%|████████▎ | 10/12 00:01
      88/99      6.41G    0.02694    0.02638   0.003141        121        640:  83%|████████▎ | 10/12 00:01
      88/99      6.41G    0.02694    0.02638   0.003141        121        640: 100%|██████████| 12/12 00:01
      88/99      6.41G    0.02694    0.02638   0.003141        121        640: 100%|██████████| 12/12 00:01

                 Class     Images  Instances          P          R      mAP50   mAP50-95:   0%|          | 0/1 00:00
                 Class     Images  Instances          P          R      mAP50   mAP50-95: 100%|██████████| 1/1 00:00
                   all         17         71      0.986      0.999      0.995       0.69

      Epoch    GPU_mem   box_loss   obj_loss   cls_loss  Instances       Size

  0%|          | 0/12 00:00
      89/99      6.41G    0.02801    0.02438   0.003075        292        640:   0%|          | 0/12 00:00
      89/99      6.41G    0.02817    0.02624    0.00351        297        640:   0%|          | 0/12 00:00
      89/99      6.41G    0.02817    0.02624    0.00351        297        640:  17%|█▋        | 2/12 00:00
      89/99      6.41G    0.02763     0.0268   0.003127        309        640:  17%|█▋        | 2/12 00:00
      89/99      6.41G    0.02783    0.02615   0.003642        238        640:  17%|█▋        | 2/12 00:00
      89/99      6.41G    0.02783    0.02615   0.003642        238        640:  33%|███▎      | 4/12 00:00
      89/99      6.41G    0.02772    0.02625   0.003416        278        640:  33%|███▎      | 4/12 00:00
      89/99      6.41G     0.0276    0.02688   0.003433        367        640:  33%|███▎      | 4/12 00:00
      89/99      6.41G     0.0276    0.02688   0.003433        367        640:  50%|█████     | 6/12 00:00
      89/99      6.41G    0.02752    0.02679   0.003247        286        640:  50%|█████     | 6/12 00:00
      89/99      6.41G    0.02747    0.02694   0.003183        302        640:  50%|█████     | 6/12 00:00
      89/99      6.41G    0.02747    0.02694   0.003183        302        640:  67%|██████▋   | 8/12 00:00
      89/99      6.41G     0.0274    0.02707   0.003151        324        640:  67%|██████▋   | 8/12 00:00
      89/99      6.41G    0.02724    0.02685   0.003097        254        640:  67%|██████▋   | 8/12 00:01
      89/99      6.41G    0.02724    0.02685   0.003097        254        640:  83%|████████▎ | 10/12 00:01
      89/99      6.41G    0.02716    0.02704   0.003011        311        640:  83%|████████▎ | 10/12 00:01
      89/99      6.41G    0.02702    0.02683   0.002956        165        640:  83%|████████▎ | 10/12 00:01
      89/99      6.41G    0.02702    0.02683   0.002956        165        640: 100%|██████████| 12/12 00:01
      89/99      6.41G    0.02702    0.02683   0.002956        165        640: 100%|██████████| 12/12 00:01

                 Class     Images  Instances          P          R      mAP50   mAP50-95:   0%|          | 0/1 00:00
                 Class     Images  Instances          P          R      mAP50   mAP50-95: 100%|██████████| 1/1 00:00
                   all         17         71      0.987          1      0.995      0.684

      Epoch    GPU_mem   box_loss   obj_loss   cls_loss  Instances       Size

  0%|          | 0/12 00:00
      90/99      6.41G    0.02784    0.02814   0.003419        304        640:   0%|          | 0/12 00:00
      90/99      6.41G    0.02712    0.02615   0.002977        262        640:   0%|          | 0/12 00:00
      90/99      6.41G    0.02712    0.02615   0.002977        262        640:  17%|█▋        | 2/12 00:00
      90/99      6.41G     0.0264    0.02656   0.002965        301        640:  17%|█▋        | 2/12 00:00
      90/99      6.41G    0.02672    0.02666   0.003107        299        640:  17%|█▋        | 2/12 00:00
      90/99      6.41G    0.02672    0.02666   0.003107        299        640:  33%|███▎      | 4/12 00:00
      90/99      6.41G    0.02647    0.02559   0.002913        242        640:  33%|███▎      | 4/12 00:00
      90/99      6.41G    0.02627    0.02549   0.002933        267        640:  33%|███▎      | 4/12 00:00
      90/99      6.41G    0.02627    0.02549   0.002933        267        640:  50%|█████     | 6/12 00:00
      90/99      6.41G    0.02629    0.02538   0.002953        275        640:  50%|█████     | 6/12 00:00
      90/99      6.41G    0.02635    0.02615   0.002951        321        640:  50%|█████     | 6/12 00:00
      90/99      6.41G    0.02635    0.02615   0.002951        321        640:  67%|██████▋   | 8/12 00:00
      90/99      6.41G    0.02642    0.02691   0.002993        304        640:  67%|██████▋   | 8/12 00:00
      90/99      6.41G    0.02639    0.02693   0.002958        294        640:  67%|██████▋   | 8/12 00:01
      90/99      6.41G    0.02639    0.02693   0.002958        294        640:  83%|████████▎ | 10/12 00:01
      90/99      6.41G    0.02658    0.02691    0.00301        284        640:  83%|████████▎ | 10/12 00:01
      90/99      6.41G    0.02664    0.02709    0.00296        193        640:  83%|████████▎ | 10/12 00:01
      90/99      6.41G    0.02664    0.02709    0.00296        193        640: 100%|██████████| 12/12 00:01
      90/99      6.41G    0.02664    0.02709    0.00296        193        640: 100%|██████████| 12/12 00:01

                 Class     Images  Instances          P          R      mAP50   mAP50-95:   0%|          | 0/1 00:00
                 Class     Images  Instances          P          R      mAP50   mAP50-95: 100%|██████████| 1/1 00:00
                   all         17         71      0.987          1      0.995      0.684

      Epoch    GPU_mem   box_loss   obj_loss   cls_loss  Instances       Size

  0%|          | 0/12 00:00
      91/99      6.41G    0.02619    0.02459   0.002711        269        640:   0%|          | 0/12 00:00
      91/99      6.41G     0.0267    0.02616    0.00283        305        640:   0%|          | 0/12 00:00
      91/99      6.41G     0.0267    0.02616    0.00283        305        640:  17%|█▋        | 2/12 00:00
      91/99      6.41G    0.02658    0.02766   0.002808        353        640:  17%|█▋        | 2/12 00:00
      91/99      6.41G    0.02643    0.02684   0.002696        239        640:  17%|█▋        | 2/12 00:00
      91/99      6.41G    0.02643    0.02684   0.002696        239        640:  33%|███▎      | 4/12 00:00
      91/99      6.41G    0.02654    0.02748   0.002739        357        640:  33%|███▎      | 4/12 00:00
      91/99      6.41G    0.02643    0.02711   0.002784        290        640:  33%|███▎      | 4/12 00:00
      91/99      6.41G    0.02643    0.02711   0.002784        290        640:  50%|█████     | 6/12 00:00
      91/99      6.41G    0.02637    0.02747   0.002812        322        640:  50%|█████     | 6/12 00:00
      91/99      6.41G    0.02628    0.02692   0.002929        224        640:  50%|█████     | 6/12 00:00
      91/99      6.41G    0.02628    0.02692   0.002929        224        640:  67%|██████▋   | 8/12 00:00
      91/99      6.41G    0.02636     0.0264   0.002948        214        640:  67%|██████▋   | 8/12 00:00
      91/99      6.41G    0.02642     0.0264   0.003037        281        640:  67%|██████▋   | 8/12 00:01
      91/99      6.41G    0.02642     0.0264   0.003037        281        640:  83%|████████▎ | 10/12 00:01
      91/99      6.41G    0.02656     0.0263   0.003126        279        640:  83%|████████▎ | 10/12 00:01
      91/99      6.41G     0.0267    0.02605    0.00311        170        640:  83%|████████▎ | 10/12 00:01
      91/99      6.41G     0.0267    0.02605    0.00311        170        640: 100%|██████████| 12/12 00:01
      91/99      6.41G     0.0267    0.02605    0.00311        170        640: 100%|██████████| 12/12 00:01

                 Class     Images  Instances          P          R      mAP50   mAP50-95:   0%|          | 0/1 00:00
                 Class     Images  Instances          P          R      mAP50   mAP50-95: 100%|██████████| 1/1 00:00
                   all         17         71      0.987          1      0.995      0.676

      Epoch    GPU_mem   box_loss   obj_loss   cls_loss  Instances       Size

  0%|          | 0/12 00:00
      92/99      6.41G    0.02655    0.02917   0.002328        333        640:   0%|          | 0/12 00:00
      92/99      6.41G    0.02696    0.02723   0.002629        273        640:   0%|          | 0/12 00:00
      92/99      6.41G    0.02696    0.02723   0.002629        273        640:  17%|█▋        | 2/12 00:00
      92/99      6.41G    0.02718    0.02665   0.002715        280        640:  17%|█▋        | 2/12 00:00
      92/99      6.41G    0.02656    0.02569   0.002629        261        640:  17%|█▋        | 2/12 00:00
      92/99      6.41G    0.02656    0.02569   0.002629        261        640:  33%|███▎      | 4/12 00:00
      92/99      6.41G    0.02651    0.02607   0.002581        297        640:  33%|███▎      | 4/12 00:00
      92/99      6.41G    0.02652    0.02492   0.002654        184        640:  33%|███▎      | 4/12 00:00
      92/99      6.41G    0.02652    0.02492   0.002654        184        640:  50%|█████     | 6/12 00:00
      92/99      6.41G     0.0268    0.02489   0.002738        278        640:  50%|█████     | 6/12 00:00
      92/99      6.41G    0.02681    0.02527   0.002839        315        640:  50%|█████     | 6/12 00:00
      92/99      6.41G    0.02681    0.02527   0.002839        315        640:  67%|██████▋   | 8/12 00:00
      92/99      6.41G    0.02692    0.02574   0.002789        305        640:  67%|██████▋   | 8/12 00:00
      92/99      6.41G    0.02678     0.0259    0.00291        319        640:  67%|██████▋   | 8/12 00:01
      92/99      6.41G    0.02678     0.0259    0.00291        319        640:  83%|████████▎ | 10/12 00:01
      92/99      6.41G    0.02678    0.02553    0.00293        232        640:  83%|████████▎ | 10/12 00:01
      92/99      6.41G    0.02677    0.02597   0.002905        194        640:  83%|████████▎ | 10/12 00:01
      92/99      6.41G    0.02677    0.02597   0.002905        194        640: 100%|██████████| 12/12 00:01
      92/99      6.41G    0.02677    0.02597   0.002905        194        640: 100%|██████████| 12/12 00:01

                 Class     Images  Instances          P          R      mAP50   mAP50-95:   0%|          | 0/1 00:00
                 Class     Images  Instances          P          R      mAP50   mAP50-95: 100%|██████████| 1/1 00:00
                   all         17         71      0.986          1      0.995      0.681

      Epoch    GPU_mem   box_loss   obj_loss   cls_loss  Instances       Size

  0%|          | 0/12 00:00
      93/99      6.41G    0.02512    0.02244   0.003393        254        640:   0%|          | 0/12 00:00
      93/99      6.41G    0.02673    0.02541   0.003189        302        640:   0%|          | 0/12 00:00
      93/99      6.41G    0.02673    0.02541   0.003189        302        640:  17%|█▋        | 2/12 00:00
      93/99      6.41G    0.02686    0.02604   0.003102        303        640:  17%|█▋        | 2/12 00:00
      93/99      6.41G    0.02637    0.02629   0.002942        311        640:  17%|█▋        | 2/12 00:00
      93/99      6.41G    0.02637    0.02629   0.002942        311        640:  33%|███▎      | 4/12 00:00
      93/99      6.41G    0.02649    0.02746   0.002855        372        640:  33%|███▎      | 4/12 00:00
      93/99      6.41G    0.02685     0.0284   0.003087        326        640:  33%|███▎      | 4/12 00:00
      93/99      6.41G    0.02685     0.0284   0.003087        326        640:  50%|█████     | 6/12 00:00
      93/99      6.41G    0.02655    0.02827    0.00302        298        640:  50%|█████     | 6/12 00:00
      93/99      6.41G    0.02654    0.02821   0.002972        305        640:  50%|█████     | 6/12 00:00
      93/99      6.41G    0.02654    0.02821   0.002972        305        640:  67%|██████▋   | 8/12 00:00
      93/99      6.41G    0.02662    0.02839   0.003075        343        640:  67%|██████▋   | 8/12 00:00
      93/99      6.41G    0.02665     0.0283   0.003184        285        640:  67%|██████▋   | 8/12 00:01
      93/99      6.41G    0.02665     0.0283   0.003184        285        640:  83%|████████▎ | 10/12 00:01
      93/99      6.41G     0.0266    0.02835   0.003174        318        640:  83%|████████▎ | 10/12 00:01
      93/99      6.41G    0.02668    0.02797   0.003241        164        640:  83%|████████▎ | 10/12 00:01
      93/99      6.41G    0.02668    0.02797   0.003241        164        640: 100%|██████████| 12/12 00:01
      93/99      6.41G    0.02668    0.02797   0.003241        164        640: 100%|██████████| 12/12 00:01

                 Class     Images  Instances          P          R      mAP50   mAP50-95:   0%|          | 0/1 00:00
                 Class     Images  Instances          P          R      mAP50   mAP50-95: 100%|██████████| 1/1 00:00
                   all         17         71      0.986          1      0.995      0.685

      Epoch    GPU_mem   box_loss   obj_loss   cls_loss  Instances       Size

  0%|          | 0/12 00:00
      94/99      6.41G    0.02514    0.02296   0.003039        228        640:   0%|          | 0/12 00:00
      94/99      6.41G    0.02628    0.02292   0.002801        216        640:   0%|          | 0/12 00:00
      94/99      6.41G    0.02628    0.02292   0.002801        216        640:  17%|█▋        | 2/12 00:00
      94/99      6.41G    0.02644    0.02368   0.003094        288        640:  17%|█▋        | 2/12 00:00
      94/99      6.41G    0.02645    0.02474   0.002985        311        640:  17%|█▋        | 2/12 00:00
      94/99      6.41G    0.02645    0.02474   0.002985        311        640:  33%|███▎      | 4/12 00:00
      94/99      6.41G    0.02664    0.02548   0.003125        317        640:  33%|███▎      | 4/12 00:00
      94/99      6.41G    0.02666     0.0259   0.003077        298        640:  33%|███▎      | 4/12 00:00
      94/99      6.41G    0.02666     0.0259   0.003077        298        640:  50%|█████     | 6/12 00:00
      94/99      6.41G    0.02665    0.02596   0.003138        257        640:  50%|█████     | 6/12 00:00
      94/99      6.41G    0.02661    0.02606   0.003076        299        640:  50%|█████     | 6/12 00:00
      94/99      6.41G    0.02661    0.02606   0.003076        299        640:  67%|██████▋   | 8/12 00:00
      94/99      6.41G    0.02656    0.02621   0.003059        294        640:  67%|██████▋   | 8/12 00:00
      94/99      6.41G    0.02652    0.02612   0.003012        286        640:  67%|██████▋   | 8/12 00:01
      94/99      6.41G    0.02652    0.02612   0.003012        286        640:  83%|████████▎ | 10/12 00:01
      94/99      6.41G    0.02637    0.02588   0.002979        282        640:  83%|████████▎ | 10/12 00:01
      94/99      6.41G    0.02637    0.02588   0.002979        282        640:  92%|█████████▏| 11/12 00:01
      94/99      6.41G    0.02614    0.02582   0.002893        169        640:  92%|█████████▏| 11/12 00:01
      94/99      6.41G    0.02614    0.02582   0.002893        169        640: 100%|██████████| 12/12 00:01

                 Class     Images  Instances          P          R      mAP50   mAP50-95:   0%|          | 0/1 00:00
                 Class     Images  Instances          P          R      mAP50   mAP50-95: 100%|██████████| 1/1 00:00
                   all         17         71      0.988          1      0.995      0.689

      Epoch    GPU_mem   box_loss   obj_loss   cls_loss  Instances       Size

  0%|          | 0/12 00:00
      95/99      6.41G    0.02517    0.02484   0.002913        282        640:   0%|          | 0/12 00:00
      95/99      6.41G    0.02599    0.02763    0.00313        316        640:   0%|          | 0/12 00:00
      95/99      6.41G    0.02599    0.02763    0.00313        316        640:  17%|█▋        | 2/12 00:00
      95/99      6.41G    0.02666    0.02937   0.003592        344        640:  17%|█▋        | 2/12 00:00
      95/99      6.41G     0.0262    0.02844   0.003329        302        640:  17%|█▋        | 2/12 00:00
      95/99      6.41G     0.0262    0.02844   0.003329        302        640:  33%|███▎      | 4/12 00:00
      95/99      6.41G      0.026    0.02741   0.003379        255        640:  33%|███▎      | 4/12 00:00
      95/99      6.41G    0.02587    0.02653   0.003298        245        640:  33%|███▎      | 4/12 00:00
      95/99      6.41G    0.02587    0.02653   0.003298        245        640:  50%|█████     | 6/12 00:00
      95/99      6.41G    0.02588    0.02679   0.003157        323        640:  50%|█████     | 6/12 00:00
      95/99      6.41G    0.02581    0.02645   0.003013        269        640:  50%|█████     | 6/12 00:00
      95/99      6.41G    0.02581    0.02645   0.003013        269        640:  67%|██████▋   | 8/12 00:00
      95/99      6.41G    0.02596    0.02699    0.00302        350        640:  67%|██████▋   | 8/12 00:00
      95/99      6.41G    0.02573    0.02663   0.003001        248        640:  67%|██████▋   | 8/12 00:00
      95/99      6.41G    0.02573    0.02663   0.003001        248        640:  83%|████████▎ | 10/12 00:00
      95/99      6.41G     0.0257     0.0264   0.003002        259        640:  83%|████████▎ | 10/12 00:01
      95/99      6.41G    0.02574    0.02656    0.00297        192        640:  83%|████████▎ | 10/12 00:01
      95/99      6.41G    0.02574    0.02656    0.00297        192        640: 100%|██████████| 12/12 00:01
      95/99      6.41G    0.02574    0.02656    0.00297        192        640: 100%|██████████| 12/12 00:01

                 Class     Images  Instances          P          R      mAP50   mAP50-95:   0%|          | 0/1 00:00
                 Class     Images  Instances          P          R      mAP50   mAP50-95: 100%|██████████| 1/1 00:00
                   all         17         71      0.988          1      0.995      0.681

      Epoch    GPU_mem   box_loss   obj_loss   cls_loss  Instances       Size

  0%|          | 0/12 00:00
      96/99      6.41G    0.02648    0.02812   0.003009        318        640:   0%|          | 0/12 00:00
      96/99      6.41G    0.02692    0.02628   0.003081        230        640:   0%|          | 0/12 00:00
      96/99      6.41G    0.02692    0.02628   0.003081        230        640:  17%|█▋        | 2/12 00:00
      96/99      6.41G    0.02667    0.02729   0.003075        319        640:  17%|█▋        | 2/12 00:00
      96/99      6.41G    0.02674    0.02696   0.003191        279        640:  17%|█▋        | 2/12 00:00
      96/99      6.41G    0.02674    0.02696   0.003191        279        640:  33%|███▎      | 4/12 00:00
      96/99      6.41G    0.02641    0.02661   0.003124        252        640:  33%|███▎      | 4/12 00:00
      96/99      6.41G    0.02633    0.02681   0.003116        304        640:  33%|███▎      | 4/12 00:00
      96/99      6.41G    0.02633    0.02681   0.003116        304        640:  50%|█████     | 6/12 00:00
      96/99      6.41G    0.02628    0.02658   0.003104        281        640:  50%|█████     | 6/12 00:00
      96/99      6.41G    0.02627    0.02664   0.003091        237        640:  50%|█████     | 6/12 00:00
      96/99      6.41G    0.02627    0.02664   0.003091        237        640:  67%|██████▋   | 8/12 00:00
      96/99      6.41G    0.02615    0.02658   0.003013        285        640:  67%|██████▋   | 8/12 00:00
      96/99      6.41G     0.0261    0.02658   0.002983        269        640:  67%|██████▋   | 8/12 00:01
      96/99      6.41G     0.0261    0.02658   0.002983        269        640:  83%|████████▎ | 10/12 00:01
      96/99      6.41G    0.02599    0.02653   0.002925        308        640:  83%|████████▎ | 10/12 00:01
      96/99      6.41G    0.02581    0.02691   0.002952        190        640:  83%|████████▎ | 10/12 00:01
      96/99      6.41G    0.02581    0.02691   0.002952        190        640: 100%|██████████| 12/12 00:01
      96/99      6.41G    0.02581    0.02691   0.002952        190        640: 100%|██████████| 12/12 00:01

                 Class     Images  Instances          P          R      mAP50   mAP50-95:   0%|          | 0/1 00:00
                 Class     Images  Instances          P          R      mAP50   mAP50-95: 100%|██████████| 1/1 00:00
                   all         17         71      0.987          1      0.995      0.676

      Epoch    GPU_mem   box_loss   obj_loss   cls_loss  Instances       Size

  0%|          | 0/12 00:00
      97/99      6.41G    0.02694    0.02584   0.003186        277        640:   0%|          | 0/12 00:00
      97/99      6.41G    0.02657    0.02503    0.00326        273        640:   0%|          | 0/12 00:00
      97/99      6.41G    0.02657    0.02503    0.00326        273        640:  17%|█▋        | 2/12 00:00
      97/99      6.41G    0.02633    0.02464   0.003152        269        640:  17%|█▋        | 2/12 00:00
      97/99      6.41G    0.02614    0.02538   0.002879        318        640:  17%|█▋        | 2/12 00:00
      97/99      6.41G    0.02614    0.02538   0.002879        318        640:  33%|███▎      | 4/12 00:00
      97/99      6.41G    0.02607    0.02508   0.002869        262        640:  33%|███▎      | 4/12 00:00
      97/99      6.41G    0.02595    0.02512   0.002774        294        640:  33%|███▎      | 4/12 00:00
      97/99      6.41G    0.02595    0.02512   0.002774        294        640:  50%|█████     | 6/12 00:00
      97/99      6.41G    0.02594    0.02494   0.002711        259        640:  50%|█████     | 6/12 00:00
      97/99      6.41G     0.0258    0.02504   0.002726        280        640:  50%|█████     | 6/12 00:00
      97/99      6.41G     0.0258    0.02504   0.002726        280        640:  67%|██████▋   | 8/12 00:00
      97/99      6.41G    0.02584    0.02496   0.002765        255        640:  67%|██████▋   | 8/12 00:00
      97/99      6.41G    0.02616    0.02581   0.002942        374        640:  67%|██████▋   | 8/12 00:01
      97/99      6.41G    0.02616    0.02581   0.002942        374        640:  83%|████████▎ | 10/12 00:01
      97/99      6.41G     0.0261    0.02615   0.002879        354        640:  83%|████████▎ | 10/12 00:01
      97/99      6.41G    0.02599    0.02606   0.002839        159        640:  83%|████████▎ | 10/12 00:01
      97/99      6.41G    0.02599    0.02606   0.002839        159        640: 100%|██████████| 12/12 00:01
      97/99      6.41G    0.02599    0.02606   0.002839        159        640: 100%|██████████| 12/12 00:01

                 Class     Images  Instances          P          R      mAP50   mAP50-95:   0%|          | 0/1 00:00
                 Class     Images  Instances          P          R      mAP50   mAP50-95: 100%|██████████| 1/1 00:00
                   all         17         71      0.987          1      0.995      0.683

      Epoch    GPU_mem   box_loss   obj_loss   cls_loss  Instances       Size

  0%|          | 0/12 00:00
      98/99      6.41G    0.02679    0.02389   0.003092        265        640:   0%|          | 0/12 00:00
      98/99      6.41G    0.02707    0.02373   0.002852        246        640:   0%|          | 0/12 00:00
      98/99      6.41G    0.02707    0.02373   0.002852        246        640:  17%|█▋        | 2/12 00:00
      98/99      6.41G    0.02714    0.02537   0.002852        275        640:  17%|█▋        | 2/12 00:00
      98/99      6.41G    0.02649    0.02494   0.002802        257        640:  17%|█▋        | 2/12 00:00
      98/99      6.41G    0.02649    0.02494   0.002802        257        640:  33%|███▎      | 4/12 00:00
      98/99      6.41G    0.02622    0.02503   0.002805        276        640:  33%|███▎      | 4/12 00:00
      98/99      6.41G    0.02615    0.02529   0.002686        291        640:  33%|███▎      | 4/12 00:00
      98/99      6.41G    0.02615    0.02529   0.002686        291        640:  50%|█████     | 6/12 00:00
      98/99      6.41G    0.02615    0.02524   0.002679        271        640:  50%|█████     | 6/12 00:00
      98/99      6.41G    0.02616    0.02561   0.002649        316        640:  50%|█████     | 6/12 00:00
      98/99      6.41G    0.02616    0.02561   0.002649        316        640:  67%|██████▋   | 8/12 00:00
      98/99      6.41G    0.02596    0.02567   0.002687        267        640:  67%|██████▋   | 8/12 00:00
      98/99      6.41G    0.02598    0.02564   0.002748        293        640:  67%|██████▋   | 8/12 00:01
      98/99      6.41G    0.02598    0.02564   0.002748        293        640:  83%|████████▎ | 10/12 00:01
      98/99      6.41G    0.02582     0.0256    0.00272        277        640:  83%|████████▎ | 10/12 00:01
      98/99      6.41G    0.02612    0.02589   0.002959        203        640:  83%|████████▎ | 10/12 00:01
      98/99      6.41G    0.02612    0.02589   0.002959        203        640: 100%|██████████| 12/12 00:01
      98/99      6.41G    0.02612    0.02589   0.002959        203        640: 100%|██████████| 12/12 00:01

                 Class     Images  Instances          P          R      mAP50   mAP50-95:   0%|          | 0/1 00:00
                 Class     Images  Instances          P          R      mAP50   mAP50-95: 100%|██████████| 1/1 00:00
                   all         17         71      0.986          1      0.995      0.673

      Epoch    GPU_mem   box_loss   obj_loss   cls_loss  Instances       Size

  0%|          | 0/12 00:00
      99/99      6.41G    0.02559    0.02484    0.00222        284        640:   0%|          | 0/12 00:00
      99/99      6.41G     0.0255    0.02537    0.00241        285        640:   0%|          | 0/12 00:00
      99/99      6.41G     0.0255    0.02537    0.00241        285        640:  17%|█▋        | 2/12 00:00
      99/99      6.41G    0.02551    0.02795   0.002437        379        640:  17%|█▋        | 2/12 00:00
      99/99      6.41G    0.02602    0.02781   0.002382        273        640:  17%|█▋        | 2/12 00:00
      99/99      6.41G    0.02602    0.02781   0.002382        273        640:  33%|███▎      | 4/12 00:00
      99/99      6.41G    0.02571    0.02737   0.002496        293        640:  33%|███▎      | 4/12 00:00
      99/99      6.41G    0.02576    0.02765   0.002607        343        640:  33%|███▎      | 4/12 00:00
      99/99      6.41G    0.02576    0.02765   0.002607        343        640:  50%|█████     | 6/12 00:00
      99/99      6.41G    0.02582    0.02782   0.002604        306        640:  50%|█████     | 6/12 00:00
      99/99      6.41G      0.026    0.02764    0.00266        236        640:  50%|█████     | 6/12 00:00
      99/99      6.41G      0.026    0.02764    0.00266        236        640:  67%|██████▋   | 8/12 00:00
      99/99      6.41G    0.02603    0.02733   0.002657        291        640:  67%|██████▋   | 8/12 00:00
      99/99      6.41G    0.02602    0.02711   0.002796        292        640:  67%|██████▋   | 8/12 00:01
      99/99      6.41G    0.02602    0.02711   0.002796        292        640:  83%|████████▎ | 10/12 00:01
      99/99      6.41G    0.02597    0.02723   0.002762        335        640:  83%|████████▎ | 10/12 00:01
      99/99      6.41G    0.02575    0.02685   0.002683        159        640:  83%|████████▎ | 10/12 00:01
      99/99      6.41G    0.02575    0.02685   0.002683        159        640: 100%|██████████| 12/12 00:01
      99/99      6.41G    0.02575    0.02685   0.002683        159        640: 100%|██████████| 12/12 00:01

                 Class     Images  Instances          P          R      mAP50   mAP50-95:   0%|          | 0/1 00:00
                 Class     Images  Instances          P          R      mAP50   mAP50-95: 100%|██████████| 1/1 00:00
                   all         17         71      0.985          1      0.995      0.685

100 epochs completed in 0.042 hours.
Optimizer stripped from <redacted-local-path> 14.5MB
Optimizer stripped from <redacted-local-path> 14.5MB

Validating <redacted-local-path>
Fusing layers... 
Model summary: 157 layers, 7031701 parameters, 0 gradients, 15.8 GFLOPs

                 Class     Images  Instances          P          R      mAP50   mAP50-95:   0%|          | 0/1 00:00
                 Class     Images  Instances          P          R      mAP50   mAP50-95: 100%|██████████| 1/1 00:00
                   all         17         71      0.986          1      0.995       0.69
                 BLACK         17          9      0.989          1      0.995      0.769
             DARK_GRAY         17          9      0.981          1      0.995      0.742
              GRAY_BIG         17          9      0.984          1      0.995      0.705
            GRAY_SMALL         17          9      0.983          1      0.995       0.68
                  PINK         17          9      0.983          1      0.995       0.72
               SKYBLUE         17          9      0.989          1      0.995      0.656
                 WHITE         17          9      0.997          1      0.995      0.543
                   AGV         17          8      0.985          1      0.995      0.708
Exception in thread Thread-7 (plot_images):
Traceback (most recent call last):
  File "<redacted-local-path>", line 1045, in _bootstrap_inner
    self.run()
  File "<redacted-local-path>", line 982, in run
    self._target(*self._args, **self._kwargs)
  File "<redacted-local-path>", line 305, in plot_images
    annotator.box_label(box, label, color=color)
  File "<redacted-local-path>", line 91, in box_label
    w, h = self.font.getsize(label)  # text width, height
           ^^^^^^^^^^^^^^^^^
AttributeError: 'FreeTypeFont' object has no attribute 'getsize'
Exception in thread Thread-8 (plot_images):
Traceback (most recent call last):
  File "<redacted-local-path>", line 1045, in _bootstrap_inner
    self.run()
  File "<redacted-local-path>", line 982, in run
    self._target(*self._args, **self._kwargs)
  File "<redacted-local-path>", line 305, in plot_images
    annotator.box_label(box, label, color=color)
  File "<redacted-local-path>", line 91, in box_label
    w, h = self.font.getsize(label)  # text width, height
           ^^^^^^^^^^^^^^^^^
AttributeError: 'FreeTypeFont' object has no attribute 'getsize'
Results saved to [1m<redacted-local-path>
